#
# There is insufficient memory for the Java Runtime Environment to continue.
# Native memory allocation (malloc) failed to allocate 2006736 bytes. Error detail: Chunk::new
# Possible reasons:
#   The system is out of physical RAM or swap space
#   This process is running with CompressedOops enabled, and the Java Heap may be blocking the growth of the native heap
# Possible solutions:
#   Reduce memory load on the system
#   Increase physical memory or swap space
#   Check if swap backing store is full
#   Decrease Java heap size (-Xmx/-Xms)
#   Decrease number of Java threads
#   Decrease Java thread stack sizes (-Xss)
#   Set larger code cache with -XX:ReservedCodeCacheSize=
#   JVM is running with Unscaled Compressed Oops mode in which the Java heap is
#     placed in the first 4GB address space. The Java Heap base address is the
#     maximum limit for the native heap growth. Please use -XX:HeapBaseMinAddress
#     to set the Java Heap base and to place the Java Heap above 4GB virtual address.
# This output file may be truncated or incomplete.
#
#  Out of Memory Error (arena.cpp:191), pid=21372, tid=17800
#
# JRE version: OpenJDK Runtime Environment Temurin-17.0.18+8 (17.0.18+8) (build 17.0.18+8)
# Java VM: OpenJDK 64-Bit Server VM Temurin-17.0.18+8 (17.0.18+8, mixed mode, sharing, tiered, compressed oops, compressed class ptrs, g1 gc, windows-amd64)
# No core dump will be written. Minidumps are not enabled by default on client versions of Windows
#

---------------  S U M M A R Y ------------

Command Line: --add-opens=java.base/java.lang=ALL-UNNAMED --add-opens=java.base/java.lang.invoke=ALL-UNNAMED --add-opens=java.base/java.util=ALL-UNNAMED --add-opens=java.prefs/java.util.prefs=ALL-UNNAMED --add-exports=jdk.compiler/com.sun.tools.javac.api=ALL-UNNAMED --add-exports=jdk.compiler/com.sun.tools.javac.util=ALL-UNNAMED --add-opens=java.base/java.util=ALL-UNNAMED --add-opens=java.prefs/java.util.prefs=ALL-UNNAMED --add-opens=java.base/java.nio.charset=ALL-UNNAMED --add-opens=java.base/java.net=ALL-UNNAMED --add-opens=java.base/java.util.concurrent=ALL-UNNAMED --add-opens=java.base/java.util.concurrent.atomic=ALL-UNNAMED --add-opens=java.xml/javax.xml.namespace=ALL-UNNAMED -XX:MaxMetaspaceSize=512m -Xmx2048m -Dfile.encoding=windows-1252 -Duser.country=IN -Duser.language=en -Duser.variant -javaagent:C:\Users\ganes\.gradle\wrapper\dists\gradle-9.0.0-bin\d6wjpkvcgsg3oed0qlfss3wgl\gradle-9.0.0\lib\agents\gradle-instrumentation-agent-9.0.0.jar org.gradle.launcher.daemon.bootstrap.GradleDaemon 9.0.0

Host: 12th Gen Intel(R) Core(TM) i5-12450H, 12 cores, 7G,  Windows 11 , 64 bit Build 26100 (10.0.26100.7705)
Time: Tue Feb 24 23:24:25 2026 India Standard Time elapsed time: 3227.832717 seconds (0d 0h 53m 47s)

---------------  T H R E A D  ---------------

Current thread (0x000001c967029630):  JavaThread "C2 CompilerThread1" daemon [_thread_in_native, id=17800, stack(0x000000658d600000,0x000000658d700000)]


Current CompileTask:
C2:3227833 39009       4       com.android.tools.r8.dex.L::a (4091 bytes)

Stack: [0x000000658d600000,0x000000658d700000]
Native frames: (J=compiled Java code, j=interpreted, Vv=VM code, C=native code)
V  [jvm.dll+0x6846f9]
V  [jvm.dll+0x839ea5]
V  [jvm.dll+0x83b91e]
V  [jvm.dll+0x83bfa3]
V  [jvm.dll+0x248eff]
V  [jvm.dll+0xad496]
V  [jvm.dll+0xadb3c]
V  [jvm.dll+0x368bcf]
V  [jvm.dll+0x333055]
V  [jvm.dll+0x3324ba]
V  [jvm.dll+0x219db9]
V  [jvm.dll+0x219200]
V  [jvm.dll+0x1a4920]
V  [jvm.dll+0x22989a]
V  [jvm.dll+0x227a4b]
V  [jvm.dll+0x7f0658]
V  [jvm.dll+0x7eaaec]
V  [jvm.dll+0x6835c7]
C  [ucrtbase.dll+0x37b0]
C  [KERNEL32.DLL+0x2e8d7]
C  [ntdll.dll+0x8c40c]


---------------  P R O C E S S  ---------------

Threads class SMR info:
_java_thread_list=0x000001c962083c10, length=230, elements={
0x000001c91ad706e0, 0x000001c938e1a0b0, 0x000001c938e1b320, 0x000001c938e33f60,
0x000001c938e34830, 0x000001c938e368b0, 0x000001c938e38660, 0x000001c938e39ab0,
0x000001c938e41620, 0x000001c939810090, 0x000001c938e03a30, 0x000001c9399bd5c0,
0x000001c959b2b680, 0x000001c959268780, 0x000001c95ac44020, 0x000001c95ac5b7a0,
0x000001c95ac5a870, 0x000001c95ac5bcb0, 0x000001c95ac5c1c0, 0x000001c95ac5cbe0,
0x000001c95c310fe0, 0x000001c95c311f10, 0x000001c95e806420, 0x000001c960b59cc0,
0x000001c960b5a6e0, 0x000001c960f17e70, 0x000001c960f18380, 0x000001c960f18da0,
0x000001c95e8045c0, 0x000001c95f57e040, 0x000001c95f57b2b0, 0x000001c95f57ada0,
0x000001c95f57c1e0, 0x000001c95f57e550, 0x000001c9674d1900, 0x000001c9674d3c70,
0x000001c9674d8860, 0x000001c9674db0e0, 0x000001c95eef5e50, 0x000001c95f45cb50,
0x000001c96e456fb0, 0x000001c95fc6a4d0, 0x000001c95fc6b400, 0x000001c95fc6aef0,
0x000001c967a3fc50, 0x000001c967a40160, 0x000001c9614e5060, 0x000001c9614e8810,
0x000001c9614e5a80, 0x000001c9614e8300, 0x000001c9614e5570, 0x000001c9614e5f90,
0x000001c9614e78e0, 0x000001c9614e6ec0, 0x000001c9614e73d0, 0x000001c9614e64a0,
0x000001c9614e7df0, 0x000001c9614e69b0, 0x000001c95f45da80, 0x000001c95f45d060,
0x000001c95f45d570, 0x000001c967a1dd80, 0x000001c967a1bf20, 0x000001c967a1ce50,
0x000001c967a1d360, 0x000001c967a1aff0, 0x000001c967a1ba10, 0x000001c967a1c430,
0x000001c967a1b500, 0x000001c967a1c940, 0x000001c967a1e290, 0x000001c96e457ee0,
0x000001c96e458900, 0x000001c96e459830, 0x000001c96e458e10, 0x000001c96e4574c0,
0x000001c96e456080, 0x000001c96e4583f0, 0x000001c96e456590, 0x000001c95fc6a9e0,
0x000001c95fc69fc0, 0x000001c95fc69ab0, 0x000001c96758a360, 0x000001c95eef4a10,
0x000001c967a1d870, 0x000001c95eef35d0, 0x000001c95eef3ff0, 0x000001c95b3227d0,
0x000001c95eef1260, 0x000001c9622dcdc0, 0x000001c95eef2bb0, 0x000001c95eef4f20,
0x000001c95eef1770, 0x000001c96cd9db90, 0x000001c96cd9bd30, 0x000001c96cd9a8f0,
0x000001c96cd9a3e0, 0x000001c95eef26a0, 0x000001c95eef5430, 0x000001c9622d9610,
0x000001c9622d9b20, 0x000001c96cd9ae00, 0x000001c95eef81c0, 0x000001c95eef6360,
0x000001c95eef90f0, 0x000001c95eef6870, 0x000001c95eef6d80, 0x000001c959dedac0,
0x000001c959dedfd0, 0x000001c959dee4e0, 0x000001c959ded5b0, 0x000001c959dee9f0,
0x000001c96e097460, 0x000001c95b321db0, 0x000001c95b320e80, 0x000001c95b31f530,
0x000001c95b31ff50, 0x000001c95b31fa40, 0x000001c95b3218a0, 0x000001c95b320460,
0x000001c95b3222c0, 0x000001c95e53a750, 0x000001c95eef7290, 0x000001c95eef77a0,
0x000001c95eef86d0, 0x000001c95eef8be0, 0x000001c95eef5940, 0x000001c95eefb460,
0x000001c95eefc8a0, 0x000001c95eefa020, 0x000001c95eefcdb0, 0x000001c95eefa530,
0x000001c95eefbe80, 0x000001c95eef9600, 0x000001c95eefaa40, 0x000001c95eefaf50,
0x000001c95eefd2c0, 0x000001c95eefb970, 0x000001c95eefc390, 0x000001c95eef9b10,
0x000001c95eeff630, 0x000001c95eefdce0, 0x000001c95eeff120, 0x000001c95eefe1f0,
0x000001c9622daf60, 0x000001c9622daa50, 0x000001c9622db980, 0x000001c9622dbe90,
0x000001c9622da030, 0x000001c9622dc3a0, 0x000001c9622da540, 0x000001c96d997d60,
0x000001c96d998780, 0x000001c96d997340, 0x000001c95eefe700, 0x000001c95ef00050,
0x000001c95ef00560, 0x000001c959cb1940, 0x000001c959cb0a10, 0x000001c95e539820,
0x000001c95e539d30, 0x000001c95e53ac60, 0x000001c95e53b170, 0x000001c95e53b680,
0x000001c95e537ed0, 0x000001c96ca5e620, 0x000001c96ca5eb30, 0x000001c96ca5e110,
0x000001c95c5256c0, 0x000001c967587ff0, 0x000001c96758b290, 0x000001c959cb0500,
0x000001c959cb0f20, 0x000001c959cb1430, 0x000001c96ca6bca0, 0x000001c95eefec10,
0x000001c95c5260e0, 0x000001c95c5251b0, 0x000001c95c523350, 0x000001c95c525bd0,
0x000001c95c524280, 0x000001c95c5265f0, 0x000001c95c522e40, 0x000001c95c523860,
0x000001c95c523d70, 0x000001c96e096f50, 0x000001c96e097970, 0x000001c96e096020,
0x000001c96e096530, 0x000001c96e096a40, 0x000001c967304040, 0x000001c9673017c0,
0x000001c967303b30, 0x000001c967303110, 0x000001c9673012b0, 0x000001c967304550,
0x000001c967301cd0, 0x000001c967303620, 0x000001c95e5388f0, 0x000001c967300da0,
0x000001c967588500, 0x000001c96758a870, 0x000001c95c524790, 0x000001c967029630,
0x000001c95e538e00, 0x000001c9611f8ed0, 0x000001c9611f93e0, 0x000001c9611fa310,
0x000001c9611f98f0, 0x000001c9611fa820, 0x000001c9611f9e00, 0x000001c9622d10a0,
0x000001c9622d15b0, 0x000001c9622d24e0, 0x000001c9622d1ac0, 0x000001c96ca6b790,
0x000001c96cd9b310, 0x000001c9622d1fd0, 0x000001c9622d29f0, 0x000001c96c045950,
0x000001c96c0472a0, 0x000001c96c045e60, 0x000001c96c0477b0, 0x000001c96c046370,
0x000001c967589940, 0x000001c967588f20, 0x000001c967589e50, 0x000001c9677811b0,
0x000001c96758b7a0, 0x000001c96758ad80
}

Java Threads: ( => current thread )
  0x000001c91ad706e0 JavaThread "main" [_thread_blocked, id=11372, stack(0x00000065fff00000,0x0000006600000000)]
  0x000001c938e1a0b0 JavaThread "Reference Handler" daemon [_thread_blocked, id=21756, stack(0x0000006580600000,0x0000006580700000)]
  0x000001c938e1b320 JavaThread "Finalizer" daemon [_thread_blocked, id=15608, stack(0x0000006580700000,0x0000006580800000)]
  0x000001c938e33f60 JavaThread "Signal Dispatcher" daemon [_thread_blocked, id=11864, stack(0x0000006580800000,0x0000006580900000)]
  0x000001c938e34830 JavaThread "Attach Listener" daemon [_thread_blocked, id=24068, stack(0x0000006580900000,0x0000006580a00000)]
  0x000001c938e368b0 JavaThread "Service Thread" daemon [_thread_blocked, id=14232, stack(0x0000006580a00000,0x0000006580b00000)]
  0x000001c938e38660 JavaThread "Monitor Deflation Thread" daemon [_thread_blocked, id=22232, stack(0x0000006580b00000,0x0000006580c00000)]
  0x000001c938e39ab0 JavaThread "C2 CompilerThread0" daemon [_thread_blocked, id=21424, stack(0x0000006580c00000,0x0000006580d00000)]
  0x000001c938e41620 JavaThread "C1 CompilerThread0" daemon [_thread_blocked, id=22716, stack(0x0000006580d00000,0x0000006580e00000)]
  0x000001c939810090 JavaThread "Sweeper thread" daemon [_thread_blocked, id=18848, stack(0x0000006580e00000,0x0000006580f00000)]
  0x000001c938e03a30 JavaThread "Common-Cleaner" daemon [_thread_blocked, id=22928, stack(0x0000006580f00000,0x0000006581000000)]
  0x000001c9399bd5c0 JavaThread "Notification Thread" daemon [_thread_blocked, id=9204, stack(0x0000006581000000,0x0000006581100000)]
  0x000001c959b2b680 JavaThread "Daemon health stats" [_thread_blocked, id=20700, stack(0x0000006581800000,0x0000006581900000)]
  0x000001c959268780 JavaThread "Incoming local TCP Connector on port 52375" [_thread_in_native, id=19108, stack(0x0000006581900000,0x0000006581a00000)]
  0x000001c95ac44020 JavaThread "Daemon periodic checks" [_thread_blocked, id=20556, stack(0x0000006581a00000,0x0000006581b00000)]
  0x000001c95ac5b7a0 JavaThread "Cache worker for journal cache (C:\Users\ganes\.gradle\caches\journal-1)" [_thread_blocked, id=1816, stack(0x0000006582200000,0x0000006582300000)]
  0x000001c95ac5a870 JavaThread "File lock request listener" [_thread_in_native, id=4412, stack(0x0000006582300000,0x0000006582400000)]
  0x000001c95ac5bcb0 JavaThread "Cache worker for file hash cache (C:\Users\ganes\.gradle\caches\9.0.0\fileHashes)" [_thread_blocked, id=20028, stack(0x0000006582400000,0x0000006582500000)]
  0x000001c95ac5c1c0 JavaThread "File watcher server" daemon [_thread_in_native, id=23412, stack(0x0000006582e00000,0x0000006582f00000)]
  0x000001c95ac5cbe0 JavaThread "File watcher consumer" daemon [_thread_blocked, id=20632, stack(0x0000006582f00000,0x0000006583000000)]
  0x000001c95c310fe0 JavaThread "Cache worker for file content cache (C:\Users\ganes\.gradle\caches\9.0.0\fileContent)" [_thread_blocked, id=21132, stack(0x0000006581300000,0x0000006581400000)]
  0x000001c95c311f10 JavaThread "jar transforms" [_thread_blocked, id=7548, stack(0x0000006583400000,0x0000006583500000)]
  0x000001c95e806420 JavaThread "Memory manager" [_thread_blocked, id=15820, stack(0x0000006585e00000,0x0000006585f00000)]
  0x000001c960b59cc0 JavaThread "jar transforms Thread 2" [_thread_blocked, id=18984, stack(0x000000658c100000,0x000000658c200000)]
  0x000001c960b5a6e0 JavaThread "jar transforms Thread 3" [_thread_blocked, id=10896, stack(0x0000006585f00000,0x0000006586000000)]
  0x000001c960f17e70 JavaThread "jar transforms Thread 4" [_thread_blocked, id=1360, stack(0x000000658cb00000,0x000000658cc00000)]
  0x000001c960f18380 JavaThread "jar transforms Thread 5" [_thread_blocked, id=22368, stack(0x000000658ca00000,0x000000658cb00000)]
  0x000001c960f18da0 JavaThread "jar transforms Thread 6" [_thread_blocked, id=11432, stack(0x000000658cc00000,0x000000658cd00000)]
  0x000001c95e8045c0 JavaThread "jar transforms Thread 7" [_thread_blocked, id=5252, stack(0x000000658d000000,0x000000658d100000)]
  0x000001c95f57e040 JavaThread "jar transforms Thread 8" [_thread_blocked, id=24160, stack(0x000000658d100000,0x000000658d200000)]
  0x000001c95f57b2b0 JavaThread "jar transforms Thread 9" [_thread_blocked, id=9476, stack(0x000000658d200000,0x000000658d300000)]
  0x000001c95f57ada0 JavaThread "jar transforms Thread 10" [_thread_blocked, id=4240, stack(0x000000658d300000,0x000000658d400000)]
  0x000001c95f57c1e0 JavaThread "jar transforms Thread 11" [_thread_blocked, id=20904, stack(0x000000658d400000,0x000000658d500000)]
  0x000001c95f57e550 JavaThread "jar transforms Thread 12" [_thread_blocked, id=21212, stack(0x000000658d500000,0x000000658d600000)]
  0x000001c9674d1900 JavaThread "pool-3-thread-1" [_thread_blocked, id=8496, stack(0x000000658d800000,0x000000658d900000)]
  0x000001c9674d3c70 JavaThread "Cache worker for Java compile cache (C:\Users\ganes\.gradle\caches\9.0.0\javaCompile)" [_thread_blocked, id=21680, stack(0x000000658db00000,0x000000658dc00000)]
  0x000001c9674d8860 JavaThread "RMI Scheduler(0)" daemon [_thread_blocked, id=14624, stack(0x000000658e900000,0x000000658ea00000)]
  0x000001c9674db0e0 JavaThread "RMI TCP Accept-0" daemon [_thread_in_native, id=15556, stack(0x000000658f000000,0x000000658f100000)]
  0x000001c95eef5e50 JavaThread "pool-6-thread-1" [_thread_blocked, id=24072, stack(0x000000658d900000,0x000000658da00000)]
  0x000001c95f45cb50 JavaThread "RMI RenewClean-[127.0.0.1:17935,org.jetbrains.kotlin.daemon.common.LoopbackNetworkInterface$ClientLoopbackSocketFactory@f69c9f1]" daemon [_thread_blocked, id=19748, stack(0x000000658ed00000,0x000000658ee00000)]
  0x000001c96e456fb0 JavaThread "Daemon Thread 3" [_thread_blocked, id=20600, stack(0x0000006581200000,0x0000006581300000)]
  0x000001c95fc6a4d0 JavaThread "Handler for socket connection from /127.0.0.1:52375 to /127.0.0.1:57165" [_thread_in_native, id=8576, stack(0x0000006581b00000,0x0000006581c00000)]
  0x000001c95fc6b400 JavaThread "Cancel handler" [_thread_blocked, id=2808, stack(0x0000006581c00000,0x0000006581d00000)]
  0x000001c95fc6aef0 JavaThread "Daemon worker Thread 3" [_thread_blocked, id=11948, stack(0x0000006581d00000,0x0000006581e00000)]
  0x000001c967a3fc50 JavaThread "Asynchronous log dispatcher for DefaultDaemonConnection: socket connection from /127.0.0.1:52375 to /127.0.0.1:57165" [_thread_blocked, id=23116, stack(0x0000006581e00000,0x0000006581f00000)]
  0x000001c967a40160 JavaThread "Stdin handler" [_thread_blocked, id=12160, stack(0x0000006581f00000,0x0000006582000000)]
  0x000001c9614e5060 JavaThread "Daemon client event forwarder" [_thread_blocked, id=16212, stack(0x0000006582000000,0x0000006582100000)]
  0x000001c9614e8810 JavaThread "Cache worker for file hash cache (D:\CollabSphere_Moblie\mobile\android\.gradle\9.0.0\fileHashes)" [_thread_blocked, id=20628, stack(0x0000006582100000,0x0000006582200000)]
  0x000001c9614e5a80 JavaThread "Cache worker for Build Output Cleanup Cache (D:\CollabSphere_Moblie\mobile\android\.gradle\buildOutputCleanup)" [_thread_blocked, id=23160, stack(0x0000006582c00000,0x0000006582d00000)]
  0x000001c9614e8300 JavaThread "Cache worker for checksums cache (D:\CollabSphere_Moblie\mobile\android\.gradle\9.0.0\checksums)" [_thread_blocked, id=3932, stack(0x0000006582d00000,0x0000006582e00000)]
  0x000001c9614e5570 JavaThread "Cache worker for cache directory md-supplier (C:\Users\ganes\.gradle\caches\9.0.0\md-supplier)" [_thread_blocked, id=8256, stack(0x0000006583000000,0x0000006583100000)]
  0x000001c9614e5f90 JavaThread "Cache worker for cache directory md-rule (C:\Users\ganes\.gradle\caches\9.0.0\md-rule)" [_thread_blocked, id=24368, stack(0x0000006583100000,0x0000006583200000)]
  0x000001c9614e78e0 JavaThread "Cache worker for Build Output Cleanup Cache (D:\CollabSphere_Moblie\mobile\node_modules\@react-native\gradle-plugin\.gradle\buildOutputCleanup)" [_thread_blocked, id=12224, stack(0x0000006583200000,0x0000006583300000)]
  0x000001c9614e6ec0 JavaThread "Unconstrained build operations" [_thread_blocked, id=21200, stack(0x0000006583300000,0x0000006583400000)]
  0x000001c9614e73d0 JavaThread "Unconstrained build operations Thread 2" [_thread_blocked, id=4536, stack(0x0000006583500000,0x0000006583600000)]
  0x000001c9614e64a0 JavaThread "Unconstrained build operations Thread 3" [_thread_blocked, id=7500, stack(0x0000006583600000,0x0000006583700000)]
  0x000001c9614e7df0 JavaThread "Unconstrained build operations Thread 4" [_thread_blocked, id=20872, stack(0x0000006583700000,0x0000006583800000)]
  0x000001c9614e69b0 JavaThread "Unconstrained build operations Thread 5" [_thread_blocked, id=19388, stack(0x0000006583900000,0x0000006583a00000)]
  0x000001c95f45da80 JavaThread "Unconstrained build operations Thread 6" [_thread_blocked, id=22064, stack(0x0000006583a00000,0x0000006583b00000)]
  0x000001c95f45d060 JavaThread "Unconstrained build operations Thread 7" [_thread_blocked, id=13308, stack(0x0000006583b00000,0x0000006583c00000)]
  0x000001c95f45d570 JavaThread "Unconstrained build operations Thread 8" [_thread_blocked, id=23532, stack(0x0000006583c00000,0x0000006583d00000)]
  0x000001c967a1dd80 JavaThread "Unconstrained build operations Thread 9" [_thread_blocked, id=18704, stack(0x0000006583d00000,0x0000006583e00000)]
  0x000001c967a1bf20 JavaThread "Unconstrained build operations Thread 10" [_thread_blocked, id=20520, stack(0x0000006583e00000,0x0000006583f00000)]
  0x000001c967a1ce50 JavaThread "Unconstrained build operations Thread 11" [_thread_blocked, id=23036, stack(0x0000006583f00000,0x0000006584000000)]
  0x000001c967a1d360 JavaThread "Unconstrained build operations Thread 12" [_thread_blocked, id=21576, stack(0x0000006584000000,0x0000006584100000)]
  0x000001c967a1aff0 JavaThread "Unconstrained build operations Thread 13" [_thread_blocked, id=21480, stack(0x0000006584100000,0x0000006584200000)]
  0x000001c967a1ba10 JavaThread "Unconstrained build operations Thread 14" [_thread_blocked, id=17884, stack(0x0000006584200000,0x0000006584300000)]
  0x000001c967a1c430 JavaThread "Unconstrained build operations Thread 15" [_thread_blocked, id=9132, stack(0x0000006584300000,0x0000006584400000)]
  0x000001c967a1b500 JavaThread "Unconstrained build operations Thread 16" [_thread_blocked, id=1120, stack(0x0000006584500000,0x0000006584600000)]
  0x000001c967a1c940 JavaThread "Unconstrained build operations Thread 17" [_thread_blocked, id=5352, stack(0x0000006584600000,0x0000006584700000)]
  0x000001c967a1e290 JavaThread "Unconstrained build operations Thread 18" [_thread_blocked, id=17964, stack(0x0000006584700000,0x0000006584800000)]
  0x000001c96e457ee0 JavaThread "Unconstrained build operations Thread 19" [_thread_blocked, id=21164, stack(0x0000006584800000,0x0000006584900000)]
  0x000001c96e458900 JavaThread "Unconstrained build operations Thread 20" [_thread_blocked, id=14812, stack(0x0000006584900000,0x0000006584a00000)]
  0x000001c96e459830 JavaThread "Unconstrained build operations Thread 21" [_thread_blocked, id=22796, stack(0x0000006584a00000,0x0000006584b00000)]
  0x000001c96e458e10 JavaThread "Unconstrained build operations Thread 22" [_thread_blocked, id=22680, stack(0x0000006584b00000,0x0000006584c00000)]
  0x000001c96e4574c0 JavaThread "Unconstrained build operations Thread 23" [_thread_blocked, id=16164, stack(0x0000006584c00000,0x0000006584d00000)]
  0x000001c96e456080 JavaThread "Unconstrained build operations Thread 24" [_thread_blocked, id=5760, stack(0x0000006584d00000,0x0000006584e00000)]
  0x000001c96e4583f0 JavaThread "Unconstrained build operations Thread 25" [_thread_blocked, id=15532, stack(0x0000006584e00000,0x0000006584f00000)]
  0x000001c96e456590 JavaThread "Unconstrained build operations Thread 26" [_thread_blocked, id=20716, stack(0x0000006584f00000,0x0000006585000000)]
  0x000001c95fc6a9e0 JavaThread "build event listener" [_thread_blocked, id=19948, stack(0x0000006585000000,0x0000006585100000)]
  0x000001c95fc69fc0 JavaThread "ForkJoinPool.commonPool-worker-15" daemon [_thread_blocked, id=3604, stack(0x0000006585100000,0x0000006585200000)]
  0x000001c95fc69ab0 JavaThread "ForkJoinPool.commonPool-worker-16" daemon [_thread_blocked, id=3360, stack(0x0000006585200000,0x0000006585300000)]
  0x000001c96758a360 JavaThread "ForkJoinPool.commonPool-worker-17" daemon [_thread_blocked, id=1796, stack(0x0000006585300000,0x0000006585400000)]
  0x000001c95eef4a10 JavaThread "ForkJoinPool.commonPool-worker-18" daemon [_thread_blocked, id=5748, stack(0x0000006585400000,0x0000006585500000)]
  0x000001c967a1d870 JavaThread "ForkJoinPool.commonPool-worker-19" daemon [_thread_blocked, id=3372, stack(0x0000006585500000,0x0000006585600000)]
  0x000001c95eef35d0 JavaThread "ForkJoinPool.commonPool-worker-20" daemon [_thread_blocked, id=3436, stack(0x0000006585600000,0x0000006585700000)]
  0x000001c95eef3ff0 JavaThread "ForkJoinPool.commonPool-worker-23" daemon [_thread_blocked, id=4400, stack(0x0000006585700000,0x0000006585800000)]
  0x000001c95b3227d0 JavaThread "ForkJoinPool.commonPool-worker-22" daemon [_thread_blocked, id=9844, stack(0x0000006585800000,0x0000006585900000)]
  0x000001c95eef1260 JavaThread "ForkJoinPool.commonPool-worker-21" daemon [_thread_blocked, id=3636, stack(0x0000006585900000,0x0000006585a00000)]
  0x000001c9622dcdc0 JavaThread "included builds" [_thread_blocked, id=3796, stack(0x0000006584400000,0x0000006584500000)]
  0x000001c95eef2bb0 JavaThread "Execution worker" [_thread_blocked, id=3092, stack(0x0000006585a00000,0x0000006585b00000)]
  0x000001c95eef4f20 JavaThread "Execution worker Thread 2" [_thread_blocked, id=4560, stack(0x0000006585b00000,0x0000006585c00000)]
  0x000001c95eef1770 JavaThread "Execution worker Thread 3" [_thread_blocked, id=10992, stack(0x0000006585c00000,0x0000006585d00000)]
  0x000001c96cd9db90 JavaThread "Execution worker Thread 4" [_thread_blocked, id=16200, stack(0x0000006585d00000,0x0000006585e00000)]
  0x000001c96cd9bd30 JavaThread "Execution worker Thread 5" [_thread_blocked, id=7436, stack(0x0000006586000000,0x0000006586100000)]
  0x000001c96cd9a8f0 JavaThread "Execution worker Thread 6" [_thread_blocked, id=21872, stack(0x0000006586100000,0x0000006586200000)]
  0x000001c96cd9a3e0 JavaThread "Execution worker Thread 7" [_thread_blocked, id=7844, stack(0x0000006586200000,0x0000006586300000)]
  0x000001c95eef26a0 JavaThread "Execution worker Thread 8" [_thread_blocked, id=16640, stack(0x0000006586300000,0x0000006586400000)]
  0x000001c95eef5430 JavaThread "Execution worker Thread 9" [_thread_in_native, id=19792, stack(0x0000006586400000,0x0000006586500000)]
  0x000001c9622d9610 JavaThread "Execution worker Thread 10" [_thread_blocked, id=13516, stack(0x0000006586500000,0x0000006586600000)]
  0x000001c9622d9b20 JavaThread "Execution worker Thread 11" [_thread_blocked, id=6036, stack(0x0000006586600000,0x0000006586700000)]
  0x000001c96cd9ae00 JavaThread "Cache worker for execution history cache (D:\CollabSphere_Moblie\mobile\node_modules\@react-native\gradle-plugin\.gradle\9.0.0\executionHistory)" [_thread_blocked, id=12316, stack(0x0000006586700000,0x0000006586800000)]
  0x000001c95eef81c0 JavaThread "Unconstrained build operations Thread 27" [_thread_blocked, id=4928, stack(0x0000006586800000,0x0000006586900000)]
  0x000001c95eef6360 JavaThread "Unconstrained build operations Thread 28" [_thread_blocked, id=16108, stack(0x0000006586900000,0x0000006586a00000)]
  0x000001c95eef90f0 JavaThread "Unconstrained build operations Thread 29" [_thread_blocked, id=23752, stack(0x0000006586a00000,0x0000006586b00000)]
  0x000001c95eef6870 JavaThread "Unconstrained build operations Thread 30" [_thread_blocked, id=21676, stack(0x0000006586b00000,0x0000006586c00000)]
  0x000001c95eef6d80 JavaThread "Unconstrained build operations Thread 31" [_thread_blocked, id=21120, stack(0x0000006586c00000,0x0000006586d00000)]
  0x000001c959dedac0 JavaThread "Unconstrained build operations Thread 32" [_thread_blocked, id=9600, stack(0x0000006586d00000,0x0000006586e00000)]
  0x000001c959dedfd0 JavaThread "Unconstrained build operations Thread 33" [_thread_blocked, id=4664, stack(0x0000006586e00000,0x0000006586f00000)]
  0x000001c959dee4e0 JavaThread "Unconstrained build operations Thread 34" [_thread_blocked, id=16140, stack(0x0000006586f00000,0x0000006587000000)]
  0x000001c959ded5b0 JavaThread "Unconstrained build operations Thread 35" [_thread_blocked, id=10936, stack(0x0000006587000000,0x0000006587100000)]
  0x000001c959dee9f0 JavaThread "Unconstrained build operations Thread 36" [_thread_blocked, id=24552, stack(0x0000006587100000,0x0000006587200000)]
  0x000001c96e097460 JavaThread "Unconstrained build operations Thread 37" [_thread_blocked, id=13336, stack(0x0000006587200000,0x0000006587300000)]
  0x000001c95b321db0 JavaThread "Unconstrained build operations Thread 38" [_thread_blocked, id=21268, stack(0x0000006587300000,0x0000006587400000)]
  0x000001c95b320e80 JavaThread "Unconstrained build operations Thread 39" [_thread_blocked, id=21876, stack(0x0000006587400000,0x0000006587500000)]
  0x000001c95b31f530 JavaThread "Unconstrained build operations Thread 40" [_thread_blocked, id=16112, stack(0x0000006587500000,0x0000006587600000)]
  0x000001c95b31ff50 JavaThread "Unconstrained build operations Thread 41" [_thread_blocked, id=24444, stack(0x0000006587600000,0x0000006587700000)]
  0x000001c95b31fa40 JavaThread "Unconstrained build operations Thread 42" [_thread_blocked, id=12776, stack(0x0000006587700000,0x0000006587800000)]
  0x000001c95b3218a0 JavaThread "Unconstrained build operations Thread 43" [_thread_blocked, id=12580, stack(0x0000006587800000,0x0000006587900000)]
  0x000001c95b320460 JavaThread "Unconstrained build operations Thread 44" [_thread_blocked, id=11204, stack(0x0000006587900000,0x0000006587a00000)]
  0x000001c95b3222c0 JavaThread "Unconstrained build operations Thread 45" [_thread_blocked, id=21832, stack(0x0000006587a00000,0x0000006587b00000)]
  0x000001c95e53a750 JavaThread "Unconstrained build operations Thread 46" [_thread_blocked, id=22012, stack(0x0000006587b00000,0x0000006587c00000)]
  0x000001c95eef7290 JavaThread "Unconstrained build operations Thread 47" [_thread_blocked, id=20976, stack(0x0000006587c00000,0x0000006587d00000)]
  0x000001c95eef77a0 JavaThread "Unconstrained build operations Thread 48" [_thread_blocked, id=11620, stack(0x0000006587d00000,0x0000006587e00000)]
  0x000001c95eef86d0 JavaThread "Unconstrained build operations Thread 49" [_thread_blocked, id=22784, stack(0x0000006587e00000,0x0000006587f00000)]
  0x000001c95eef8be0 JavaThread "Unconstrained build operations Thread 50" [_thread_blocked, id=12004, stack(0x0000006587f00000,0x0000006588000000)]
  0x000001c95eef5940 JavaThread "Unconstrained build operations Thread 51" [_thread_blocked, id=12232, stack(0x0000006588000000,0x0000006588100000)]
  0x000001c95eefb460 JavaThread "Unconstrained build operations Thread 52" [_thread_blocked, id=15740, stack(0x0000006588100000,0x0000006588200000)]
  0x000001c95eefc8a0 JavaThread "Unconstrained build operations Thread 53" [_thread_blocked, id=24572, stack(0x0000006588200000,0x0000006588300000)]
  0x000001c95eefa020 JavaThread "Unconstrained build operations Thread 54" [_thread_blocked, id=23588, stack(0x0000006588300000,0x0000006588400000)]
  0x000001c95eefcdb0 JavaThread "Unconstrained build operations Thread 55" [_thread_blocked, id=11188, stack(0x0000006588400000,0x0000006588500000)]
  0x000001c95eefa530 JavaThread "Unconstrained build operations Thread 56" [_thread_blocked, id=18516, stack(0x0000006588500000,0x0000006588600000)]
  0x000001c95eefbe80 JavaThread "Unconstrained build operations Thread 57" [_thread_blocked, id=6888, stack(0x0000006588600000,0x0000006588700000)]
  0x000001c95eef9600 JavaThread "Unconstrained build operations Thread 58" [_thread_blocked, id=17516, stack(0x0000006588700000,0x0000006588800000)]
  0x000001c95eefaa40 JavaThread "Unconstrained build operations Thread 59" [_thread_blocked, id=6392, stack(0x0000006588800000,0x0000006588900000)]
  0x000001c95eefaf50 JavaThread "Unconstrained build operations Thread 60" [_thread_blocked, id=13768, stack(0x0000006588900000,0x0000006588a00000)]
  0x000001c95eefd2c0 JavaThread "Unconstrained build operations Thread 61" [_thread_blocked, id=7112, stack(0x0000006588a00000,0x0000006588b00000)]
  0x000001c95eefb970 JavaThread "Unconstrained build operations Thread 62" [_thread_blocked, id=21592, stack(0x0000006588b00000,0x0000006588c00000)]
  0x000001c95eefc390 JavaThread "Unconstrained build operations Thread 63" [_thread_blocked, id=24052, stack(0x0000006588c00000,0x0000006588d00000)]
  0x000001c95eef9b10 JavaThread "Unconstrained build operations Thread 64" [_thread_blocked, id=9372, stack(0x0000006588d00000,0x0000006588e00000)]
  0x000001c95eeff630 JavaThread "Unconstrained build operations Thread 65" [_thread_blocked, id=18200, stack(0x0000006588e00000,0x0000006588f00000)]
  0x000001c95eefdce0 JavaThread "Unconstrained build operations Thread 66" [_thread_blocked, id=21684, stack(0x0000006588f00000,0x0000006589000000)]
  0x000001c95eeff120 JavaThread "Unconstrained build operations Thread 67" [_thread_blocked, id=4388, stack(0x0000006589000000,0x0000006589100000)]
  0x000001c95eefe1f0 JavaThread "Unconstrained build operations Thread 68" [_thread_blocked, id=2448, stack(0x0000006589100000,0x0000006589200000)]
  0x000001c9622daf60 JavaThread "Unconstrained build operations Thread 69" [_thread_blocked, id=4224, stack(0x0000006589300000,0x0000006589400000)]
  0x000001c9622daa50 JavaThread "Unconstrained build operations Thread 70" [_thread_blocked, id=3608, stack(0x0000006589400000,0x0000006589500000)]
  0x000001c9622db980 JavaThread "Unconstrained build operations Thread 71" [_thread_blocked, id=12412, stack(0x0000006589500000,0x0000006589600000)]
  0x000001c9622dbe90 JavaThread "Unconstrained build operations Thread 72" [_thread_blocked, id=18732, stack(0x0000006589600000,0x0000006589700000)]
  0x000001c9622da030 JavaThread "Unconstrained build operations Thread 73" [_thread_blocked, id=8448, stack(0x0000006589700000,0x0000006589800000)]
  0x000001c9622dc3a0 JavaThread "Unconstrained build operations Thread 74" [_thread_blocked, id=21532, stack(0x0000006589800000,0x0000006589900000)]
  0x000001c9622da540 JavaThread "Unconstrained build operations Thread 75" [_thread_blocked, id=17436, stack(0x0000006589900000,0x0000006589a00000)]
  0x000001c96d997d60 JavaThread "Unconstrained build operations Thread 76" [_thread_blocked, id=23004, stack(0x0000006589a00000,0x0000006589b00000)]
  0x000001c96d998780 JavaThread "Unconstrained build operations Thread 77" [_thread_blocked, id=22808, stack(0x0000006589b00000,0x0000006589c00000)]
  0x000001c96d997340 JavaThread "Unconstrained build operations Thread 78" [_thread_blocked, id=15936, stack(0x0000006589c00000,0x0000006589d00000)]
  0x000001c95eefe700 JavaThread "Unconstrained build operations Thread 79" [_thread_blocked, id=21052, stack(0x0000006589d00000,0x0000006589e00000)]
  0x000001c95ef00050 JavaThread "Unconstrained build operations Thread 80" [_thread_blocked, id=1644, stack(0x0000006589e00000,0x0000006589f00000)]
  0x000001c95ef00560 JavaThread "Unconstrained build operations Thread 81" [_thread_blocked, id=22560, stack(0x0000006589f00000,0x000000658a000000)]
  0x000001c959cb1940 JavaThread "Unconstrained build operations Thread 82" [_thread_blocked, id=15396, stack(0x000000658a000000,0x000000658a100000)]
  0x000001c959cb0a10 JavaThread "Unconstrained build operations Thread 83" [_thread_blocked, id=19532, stack(0x000000658a100000,0x000000658a200000)]
  0x000001c95e539820 JavaThread "Unconstrained build operations Thread 84" [_thread_blocked, id=20136, stack(0x000000658a200000,0x000000658a300000)]
  0x000001c95e539d30 JavaThread "Unconstrained build operations Thread 85" [_thread_blocked, id=22532, stack(0x000000658a300000,0x000000658a400000)]
  0x000001c95e53ac60 JavaThread "Unconstrained build operations Thread 86" [_thread_blocked, id=21452, stack(0x000000658a400000,0x000000658a500000)]
  0x000001c95e53b170 JavaThread "Unconstrained build operations Thread 87" [_thread_blocked, id=17688, stack(0x000000658a500000,0x000000658a600000)]
  0x000001c95e53b680 JavaThread "Unconstrained build operations Thread 88" [_thread_blocked, id=8740, stack(0x000000658a600000,0x000000658a700000)]
  0x000001c95e537ed0 JavaThread "Unconstrained build operations Thread 89" [_thread_blocked, id=5100, stack(0x000000658a700000,0x000000658a800000)]
  0x000001c96ca5e620 JavaThread "Unconstrained build operations Thread 90" [_thread_blocked, id=7724, stack(0x000000658a800000,0x000000658a900000)]
  0x000001c96ca5eb30 JavaThread "Unconstrained build operations Thread 91" [_thread_blocked, id=24112, stack(0x000000658a900000,0x000000658aa00000)]
  0x000001c96ca5e110 JavaThread "Unconstrained build operations Thread 92" [_thread_blocked, id=17192, stack(0x000000658aa00000,0x000000658ab00000)]
  0x000001c95c5256c0 JavaThread "Unconstrained build operations Thread 93" [_thread_blocked, id=15520, stack(0x000000658ab00000,0x000000658ac00000)]
  0x000001c967587ff0 JavaThread "Unconstrained build operations Thread 94" [_thread_blocked, id=14148, stack(0x000000658ac00000,0x000000658ad00000)]
  0x000001c96758b290 JavaThread "Unconstrained build operations Thread 95" [_thread_blocked, id=22856, stack(0x000000658ad00000,0x000000658ae00000)]
  0x000001c959cb0500 JavaThread "Unconstrained build operations Thread 96" [_thread_blocked, id=22044, stack(0x000000658ae00000,0x000000658af00000)]
  0x000001c959cb0f20 JavaThread "Unconstrained build operations Thread 97" [_thread_blocked, id=3032, stack(0x000000658af00000,0x000000658b000000)]
  0x000001c959cb1430 JavaThread "Unconstrained build operations Thread 98" [_thread_blocked, id=1468, stack(0x000000658b000000,0x000000658b100000)]
  0x000001c96ca6bca0 JavaThread "Unconstrained build operations Thread 99" [_thread_blocked, id=18048, stack(0x000000658b100000,0x000000658b200000)]
  0x000001c95eefec10 JavaThread "Unconstrained build operations Thread 100" [_thread_blocked, id=192, stack(0x000000658b200000,0x000000658b300000)]
  0x000001c95c5260e0 JavaThread "build event listener" [_thread_blocked, id=21624, stack(0x000000658b300000,0x000000658b400000)]
  0x000001c95c5251b0 JavaThread "Problems report writer" [_thread_blocked, id=5936, stack(0x000000658b400000,0x000000658b500000)]
  0x000001c95c523350 JavaThread "Unconstrained build operations Thread 101" [_thread_blocked, id=22280, stack(0x0000006589200000,0x0000006589300000)]
  0x000001c95c525bd0 JavaThread "Unconstrained build operations Thread 102" [_thread_blocked, id=24284, stack(0x000000658b500000,0x000000658b600000)]
  0x000001c95c524280 JavaThread "Unconstrained build operations Thread 103" [_thread_blocked, id=24076, stack(0x000000658b600000,0x000000658b700000)]
  0x000001c95c5265f0 JavaThread "Unconstrained build operations Thread 104" [_thread_blocked, id=1408, stack(0x000000658b700000,0x000000658b800000)]
  0x000001c95c522e40 JavaThread "Unconstrained build operations Thread 105" [_thread_blocked, id=2940, stack(0x000000658b800000,0x000000658b900000)]
  0x000001c95c523860 JavaThread "Unconstrained build operations Thread 106" [_thread_blocked, id=11560, stack(0x000000658b900000,0x000000658ba00000)]
  0x000001c95c523d70 JavaThread "Unconstrained build operations Thread 107" [_thread_blocked, id=18748, stack(0x000000658ba00000,0x000000658bb00000)]
  0x000001c96e096f50 JavaThread "Unconstrained build operations Thread 108" [_thread_blocked, id=15484, stack(0x000000658bb00000,0x000000658bc00000)]
  0x000001c96e097970 JavaThread "Unconstrained build operations Thread 109" [_thread_blocked, id=17236, stack(0x000000658bc00000,0x000000658bd00000)]
  0x000001c96e096020 JavaThread "Unconstrained build operations Thread 110" [_thread_blocked, id=17088, stack(0x000000658bd00000,0x000000658be00000)]
  0x000001c96e096530 JavaThread "Unconstrained build operations Thread 111" [_thread_blocked, id=16332, stack(0x000000658be00000,0x000000658bf00000)]
  0x000001c96e096a40 JavaThread "Unconstrained build operations Thread 112" [_thread_blocked, id=22588, stack(0x000000658bf00000,0x000000658c000000)]
  0x000001c967304040 JavaThread "Unconstrained build operations Thread 113" [_thread_blocked, id=12184, stack(0x000000658c000000,0x000000658c100000)]
  0x000001c9673017c0 JavaThread "Unconstrained build operations Thread 114" [_thread_blocked, id=5256, stack(0x000000658c200000,0x000000658c300000)]
  0x000001c967303b30 JavaThread "Unconstrained build operations Thread 115" [_thread_blocked, id=21232, stack(0x000000658c300000,0x000000658c400000)]
  0x000001c967303110 JavaThread "Unconstrained build operations Thread 116" [_thread_blocked, id=24004, stack(0x000000658c400000,0x000000658c500000)]
  0x000001c9673012b0 JavaThread "Unconstrained build operations Thread 117" [_thread_blocked, id=7192, stack(0x000000658c500000,0x000000658c600000)]
  0x000001c967304550 JavaThread "Unconstrained build operations Thread 118" [_thread_blocked, id=23908, stack(0x000000658c600000,0x000000658c700000)]
  0x000001c967301cd0 JavaThread "Unconstrained build operations Thread 119" [_thread_blocked, id=22236, stack(0x000000658c700000,0x000000658c800000)]
  0x000001c967303620 JavaThread "Unconstrained build operations Thread 120" [_thread_blocked, id=4952, stack(0x000000658c800000,0x000000658c900000)]
  0x000001c95e5388f0 JavaThread "ForkJoinPool.commonPool-worker-24" daemon [_thread_blocked, id=21368, stack(0x000000658c900000,0x000000658ca00000)]
  0x000001c967300da0 JavaThread "ForkJoinPool.commonPool-worker-25" daemon [_thread_blocked, id=3104, stack(0x000000658cd00000,0x000000658ce00000)]
  0x000001c967588500 JavaThread "pool-9-thread-1" [_thread_blocked, id=11656, stack(0x0000006583800000,0x0000006583900000)]
  0x000001c96758a870 JavaThread "build event listener" [_thread_blocked, id=24508, stack(0x000000658ce00000,0x000000658cf00000)]
  0x000001c95c524790 JavaThread "Cache worker for execution history cache (D:\CollabSphere_Moblie\mobile\android\.gradle\9.0.0\executionHistory)" [_thread_blocked, id=11972, stack(0x000000658cf00000,0x000000658d000000)]
=>0x000001c967029630 JavaThread "C2 CompilerThread1" daemon [_thread_in_native, id=17800, stack(0x000000658d600000,0x000000658d700000)]
  0x000001c95e538e00 JavaThread "Build operations" [_thread_blocked, id=3716, stack(0x000000658d700000,0x000000658d800000)]
  0x000001c9611f8ed0 JavaThread "Build operations Thread 2" [_thread_blocked, id=3368, stack(0x000000658da00000,0x000000658db00000)]
  0x000001c9611f93e0 JavaThread "Build operations Thread 3" [_thread_blocked, id=16308, stack(0x000000658dc00000,0x000000658dd00000)]
  0x000001c9611fa310 JavaThread "Build operations Thread 4" [_thread_blocked, id=20712, stack(0x000000658dd00000,0x000000658de00000)]
  0x000001c9611f98f0 JavaThread "Build operations Thread 5" [_thread_blocked, id=18684, stack(0x000000658de00000,0x000000658df00000)]
  0x000001c9611fa820 JavaThread "Build operations Thread 6" [_thread_blocked, id=16460, stack(0x000000658df00000,0x000000658e000000)]
  0x000001c9611f9e00 JavaThread "Build operations Thread 7" [_thread_blocked, id=16464, stack(0x000000658e000000,0x000000658e100000)]
  0x000001c9622d10a0 JavaThread "Build operations Thread 8" [_thread_blocked, id=16468, stack(0x000000658e100000,0x000000658e200000)]
  0x000001c9622d15b0 JavaThread "Build operations Thread 9" [_thread_blocked, id=16472, stack(0x000000658e200000,0x000000658e300000)]
  0x000001c9622d24e0 JavaThread "Build operations Thread 10" [_thread_blocked, id=16476, stack(0x000000658e300000,0x000000658e400000)]
  0x000001c9622d1ac0 JavaThread "Build operations Thread 11" [_thread_blocked, id=16480, stack(0x000000658e400000,0x000000658e500000)]
  0x000001c96ca6b790 JavaThread "WorkerExecutor Queue" [_thread_blocked, id=16488, stack(0x000000658e500000,0x000000658e600000)]
  0x000001c96cd9b310 JavaThread "WorkerExecutor Queue Thread 2" [_thread_blocked, id=11376, stack(0x000000658e600000,0x000000658e700000)]
  0x000001c9622d1fd0 JavaThread "WorkerExecutor Queue Thread 3" [_thread_blocked, id=1820, stack(0x000000658e700000,0x000000658e800000)]
  0x000001c9622d29f0 JavaThread "WorkerExecutor Queue Thread 4" [_thread_blocked, id=3736, stack(0x000000658e800000,0x000000658e900000)]
  0x000001c96c045950 JavaThread "WorkerExecutor Queue Thread 5" [_thread_blocked, id=11004, stack(0x000000658ea00000,0x000000658eb00000)]
  0x000001c96c0472a0 JavaThread "WorkerExecutor Queue Thread 6" [_thread_blocked, id=10736, stack(0x000000658eb00000,0x000000658ec00000)]
  0x000001c96c045e60 JavaThread "WorkerExecutor Queue Thread 7" [_thread_blocked, id=16288, stack(0x000000658ec00000,0x000000658ed00000)]
  0x000001c96c0477b0 JavaThread "WorkerExecutor Queue Thread 8" [_thread_blocked, id=15796, stack(0x000000658ee00000,0x000000658ef00000)]
  0x000001c96c046370 JavaThread "WorkerExecutor Queue Thread 9" [_thread_blocked, id=13180, stack(0x000000658ef00000,0x000000658f000000)]
  0x000001c967589940 JavaThread "WorkerExecutor Queue Thread 10" [_thread_blocked, id=15324, stack(0x000000658f100000,0x000000658f200000)]
  0x000001c967588f20 JavaThread "WorkerExecutor Queue Thread 11" [_thread_blocked, id=15332, stack(0x000000658f200000,0x000000658f300000)]
  0x000001c967589e50 JavaThread "WorkerExecutor Queue Thread 12" [_thread_blocked, id=11828, stack(0x000000658f300000,0x000000658f400000)]
  0x000001c9677811b0 JavaThread "Exec process Thread 7" [_thread_in_native, id=9748, stack(0x000000658f400000,0x000000658f500000)]
  0x000001c96758b7a0 JavaThread "Exec process Thread 8" [_thread_in_native, id=20228, stack(0x000000658f500000,0x000000658f600000)]
  0x000001c96758ad80 JavaThread "Exec process Thread 9" [_thread_in_native, id=5756, stack(0x000000658ff00000,0x0000006590000000)]

Other Threads:
  0x000001c938e14520 VMThread "VM Thread" [stack: 0x0000006580500000,0x0000006580600000] [id=17524]
  0x000001c9399a12a0 WatcherThread [stack: 0x0000006581100000,0x0000006581200000] [id=23080]
  0x000001c91adcf680 GCTaskThread "GC Thread#0" [stack: 0x0000006580000000,0x0000006580100000] [id=22168]
  0x000001c959162620 GCTaskThread "GC Thread#1" [stack: 0x0000006581400000,0x0000006581500000] [id=22360]
  0x000001c9593bd1a0 GCTaskThread "GC Thread#2" [stack: 0x0000006581500000,0x0000006581600000] [id=8864]
  0x000001c95952dd70 GCTaskThread "GC Thread#3" [stack: 0x0000006581600000,0x0000006581700000] [id=22792]
  0x000001c959d2b870 GCTaskThread "GC Thread#4" [stack: 0x0000006581700000,0x0000006581800000] [id=17008]
  0x000001c95a32c250 GCTaskThread "GC Thread#5" [stack: 0x0000006582500000,0x0000006582600000] [id=1500]
  0x000001c95aca34f0 GCTaskThread "GC Thread#6" [stack: 0x0000006582600000,0x0000006582700000] [id=4960]
  0x000001c95bfac1c0 GCTaskThread "GC Thread#7" [stack: 0x0000006582700000,0x0000006582800000] [id=23448]
  0x000001c95bfac480 GCTaskThread "GC Thread#8" [stack: 0x0000006582800000,0x0000006582900000] [id=12460]
  0x000001c95bfac740 GCTaskThread "GC Thread#9" [stack: 0x0000006582900000,0x0000006582a00000] [id=20148]
  0x000001c91ade04e0 ConcurrentGCThread "G1 Main Marker" [stack: 0x0000006580100000,0x0000006580200000] [id=20548]
  0x000001c91ade2280 ConcurrentGCThread "G1 Conc#0" [stack: 0x0000006580200000,0x0000006580300000] [id=23360]
  0x000001c95c34cd80 ConcurrentGCThread "G1 Conc#1" [stack: 0x0000006582a00000,0x0000006582b00000] [id=16152]
  0x000001c95ada0df0 ConcurrentGCThread "G1 Conc#2" [stack: 0x0000006582b00000,0x0000006582c00000] [id=15256]
  0x000001c938cc5f80 ConcurrentGCThread "G1 Refine#0" [stack: 0x0000006580300000,0x0000006580400000] [id=19384]
  0x000001c96215eca0 ConcurrentGCThread "G1 Refine#1" [stack: 0x000000658f600000,0x000000658f700000] [id=21900]
  0x000001c96109d960 ConcurrentGCThread "G1 Refine#2" [stack: 0x000000658f700000,0x000000658f800000] [id=20876]
  0x000001c95fc68660 ConcurrentGCThread "G1 Refine#3" [stack: 0x000000658f800000,0x000000658f900000] [id=19392]
  0x000001c95fc68950 ConcurrentGCThread "G1 Refine#4" [stack: 0x000000658f900000,0x000000658fa00000] [id=23912]
  0x000001c96215e9b0 ConcurrentGCThread "G1 Refine#5" [stack: 0x000000658fa00000,0x000000658fb00000] [id=13204]
  0x000001c961ee1550 ConcurrentGCThread "G1 Refine#6" [stack: 0x000000658fb00000,0x000000658fc00000] [id=1988]
  0x000001c95fc68080 ConcurrentGCThread "G1 Refine#7" [stack: 0x000000658fe00000,0x000000658ff00000] [id=6532]
  0x000001c95fc68370 ConcurrentGCThread "G1 Refine#8" [stack: 0x0000006590b00000,0x0000006590c00000] [id=17692]
  0x000001c938cc6b60 ConcurrentGCThread "G1 Service" [stack: 0x0000006580400000,0x0000006580500000] [id=22616]

Threads with active compile tasks:
C2 CompilerThread1  3227871 39009       4       com.android.tools.r8.dex.L::a (4091 bytes)

VM state: not at safepoint (normal execution)

VM Mutex/Monitor currently owned by a thread: None

Heap address: 0x0000000080000000, size: 2048 MB, Compressed Oops mode: 32-bit

CDS archive(s) mapped at: [0x000001c93a000000-0x000001c93abb0000-0x000001c93abb0000), size 12255232, SharedBaseAddress: 0x000001c93a000000, ArchiveRelocationMode: 1.
Compressed class space mapped at: 0x000001c93b000000-0x000001c955000000, reserved size: 436207616
Narrow klass base: 0x000001c93a000000, Narrow klass shift: 0, Narrow klass range: 0x100000000

GC Precious Log:
 CPUs: 12 total, 12 available
 Memory: 7832M
 Large Page Support: Disabled
 NUMA Support: Disabled
 Compressed Oops: Enabled (32-bit)
 Heap Region Size: 1M
 Heap Min Capacity: 8M
 Heap Initial Capacity: 124M
 Heap Max Capacity: 2G
 Pre-touch: Disabled
 Parallel Workers: 10
 Concurrent Workers: 3
 Concurrent Refinement Workers: 10
 Periodic GC: Disabled

Heap:
 garbage-first heap   total 752640K, used 524696K [0x0000000080000000, 0x0000000100000000)
  region size 1024K, 284 young (290816K), 2 survivors (2048K)
 Metaspace       used 173549K, committed 176000K, reserved 622592K
  class space    used 22936K, committed 24128K, reserved 425984K

Heap Regions: E=young(eden), S=young(survivor), O=old, HS=humongous(starts), HC=humongous(continues), CS=collection set, F=free, OA=open archive, CA=closed archive, TAMS=top-at-mark-start (previous, next)
|   0|0x0000000080000000, 0x0000000080100000, 0x0000000080100000|100%|HS|  |TAMS 0x0000000080100000, 0x0000000080000000| Complete 
|   1|0x0000000080100000, 0x0000000080200000, 0x0000000080200000|100%|HC|  |TAMS 0x0000000080200000, 0x0000000080100000| Complete 
|   2|0x0000000080200000, 0x0000000080300000, 0x0000000080300000|100%|HC|  |TAMS 0x0000000080300000, 0x0000000080200000| Complete 
|   3|0x0000000080300000, 0x0000000080400000, 0x0000000080400000|100%| O|  |TAMS 0x0000000080400000, 0x0000000080300000| Untracked 
|   4|0x0000000080400000, 0x0000000080500000, 0x0000000080500000|100%| O|  |TAMS 0x0000000080500000, 0x0000000080400000| Untracked 
|   5|0x0000000080500000, 0x0000000080600000, 0x0000000080600000|100%| O|  |TAMS 0x0000000080600000, 0x0000000080500000| Untracked 
|   6|0x0000000080600000, 0x0000000080700000, 0x0000000080700000|100%|HS|  |TAMS 0x0000000080700000, 0x0000000080600000| Complete 
|   7|0x0000000080700000, 0x0000000080800000, 0x0000000080800000|100%| O|  |TAMS 0x0000000080800000, 0x0000000080700000| Untracked 
|   8|0x0000000080800000, 0x0000000080900000, 0x0000000080900000|100%| O|  |TAMS 0x0000000080900000, 0x0000000080800000| Untracked 
|   9|0x0000000080900000, 0x0000000080a00000, 0x0000000080a00000|100%| O|  |TAMS 0x0000000080a00000, 0x0000000080900000| Untracked 
|  10|0x0000000080a00000, 0x0000000080b00000, 0x0000000080b00000|100%| O|  |TAMS 0x0000000080b00000, 0x0000000080a00000| Untracked 
|  11|0x0000000080b00000, 0x0000000080c00000, 0x0000000080c00000|100%| O|  |TAMS 0x0000000080c00000, 0x0000000080b00000| Untracked 
|  12|0x0000000080c00000, 0x0000000080d00000, 0x0000000080d00000|100%| O|  |TAMS 0x0000000080d00000, 0x0000000080c00000| Untracked 
|  13|0x0000000080d00000, 0x0000000080e00000, 0x0000000080e00000|100%| O|  |TAMS 0x0000000080e00000, 0x0000000080d00000| Untracked 
|  14|0x0000000080e00000, 0x0000000080f00000, 0x0000000080f00000|100%| O|  |TAMS 0x0000000080f00000, 0x0000000080e00000| Untracked 
|  15|0x0000000080f00000, 0x0000000081000000, 0x0000000081000000|100%| O|  |TAMS 0x0000000081000000, 0x0000000080f00000| Untracked 
|  16|0x0000000081000000, 0x0000000081100000, 0x0000000081100000|100%| O|  |TAMS 0x0000000081100000, 0x0000000081000000| Untracked 
|  17|0x0000000081100000, 0x0000000081200000, 0x0000000081200000|100%| O|  |TAMS 0x0000000081200000, 0x0000000081100000| Untracked 
|  18|0x0000000081200000, 0x0000000081300000, 0x0000000081300000|100%| O|  |TAMS 0x0000000081300000, 0x0000000081200000| Untracked 
|  19|0x0000000081300000, 0x0000000081400000, 0x0000000081400000|100%| O|  |TAMS 0x0000000081400000, 0x0000000081300000| Untracked 
|  20|0x0000000081400000, 0x0000000081500000, 0x0000000081500000|100%| O|  |TAMS 0x0000000081500000, 0x0000000081400000| Untracked 
|  21|0x0000000081500000, 0x0000000081600000, 0x0000000081600000|100%| O|  |TAMS 0x0000000081600000, 0x0000000081500000| Untracked 
|  22|0x0000000081600000, 0x00000000816e2800, 0x0000000081700000| 88%| O|  |TAMS 0x00000000816e2800, 0x0000000081600000| Untracked 
|  23|0x0000000081700000, 0x0000000081800000, 0x0000000081800000|100%| O|  |TAMS 0x0000000081800000, 0x0000000081700000| Untracked 
|  24|0x0000000081800000, 0x0000000081900000, 0x0000000081900000|100%| O|  |TAMS 0x0000000081900000, 0x0000000081800000| Untracked 
|  25|0x0000000081900000, 0x0000000081a00000, 0x0000000081a00000|100%| O|  |TAMS 0x0000000081a00000, 0x0000000081900000| Untracked 
|  26|0x0000000081a00000, 0x0000000081b00000, 0x0000000081b00000|100%| O|  |TAMS 0x0000000081b00000, 0x0000000081a00000| Untracked 
|  27|0x0000000081b00000, 0x0000000081c00000, 0x0000000081c00000|100%| O|  |TAMS 0x0000000081c00000, 0x0000000081b00000| Untracked 
|  28|0x0000000081c00000, 0x0000000081d00000, 0x0000000081d00000|100%| O|  |TAMS 0x0000000081d00000, 0x0000000081c00000| Untracked 
|  29|0x0000000081d00000, 0x0000000081e00000, 0x0000000081e00000|100%| O|  |TAMS 0x0000000081e00000, 0x0000000081d00000| Untracked 
|  30|0x0000000081e00000, 0x0000000081f00000, 0x0000000081f00000|100%| O|  |TAMS 0x0000000081e00000, 0x0000000081e00000| Untracked 
|  31|0x0000000081f00000, 0x0000000082000000, 0x0000000082000000|100%| O|  |TAMS 0x0000000082000000, 0x0000000081f00000| Untracked 
|  32|0x0000000082000000, 0x0000000082100000, 0x0000000082100000|100%| O|  |TAMS 0x0000000082100000, 0x0000000082000000| Untracked 
|  33|0x0000000082100000, 0x0000000082200000, 0x0000000082200000|100%| O|  |TAMS 0x0000000082200000, 0x0000000082100000| Untracked 
|  34|0x0000000082200000, 0x0000000082300000, 0x0000000082300000|100%|HS|  |TAMS 0x0000000082300000, 0x0000000082200000| Complete 
|  35|0x0000000082300000, 0x0000000082400000, 0x0000000082400000|100%|HC|  |TAMS 0x0000000082400000, 0x0000000082300000| Complete 
|  36|0x0000000082400000, 0x0000000082500000, 0x0000000082500000|100%|HC|  |TAMS 0x0000000082500000, 0x0000000082400000| Complete 
|  37|0x0000000082500000, 0x0000000082600000, 0x0000000082600000|100%|HS|  |TAMS 0x0000000082600000, 0x0000000082500000| Complete 
|  38|0x0000000082600000, 0x0000000082700000, 0x0000000082700000|100%|HC|  |TAMS 0x0000000082700000, 0x0000000082600000| Complete 
|  39|0x0000000082700000, 0x0000000082800000, 0x0000000082800000|100%|HC|  |TAMS 0x0000000082800000, 0x0000000082700000| Complete 
|  40|0x0000000082800000, 0x0000000082900000, 0x0000000082900000|100%| O|  |TAMS 0x0000000082900000, 0x0000000082800000| Untracked 
|  41|0x0000000082900000, 0x0000000082a00000, 0x0000000082a00000|100%| O|  |TAMS 0x0000000082a00000, 0x0000000082900000| Untracked 
|  42|0x0000000082a00000, 0x0000000082b00000, 0x0000000082b00000|100%| O|  |TAMS 0x0000000082b00000, 0x0000000082a00000| Untracked 
|  43|0x0000000082b00000, 0x0000000082c00000, 0x0000000082c00000|100%| O|  |TAMS 0x0000000082b00000, 0x0000000082b00000| Untracked 
|  44|0x0000000082c00000, 0x0000000082c00000, 0x0000000082d00000|  0%| F|  |TAMS 0x0000000082c00000, 0x0000000082c00000| Untracked 
|  45|0x0000000082d00000, 0x0000000082e00000, 0x0000000082e00000|100%| O|  |TAMS 0x0000000082e00000, 0x0000000082d00000| Untracked 
|  46|0x0000000082e00000, 0x0000000082f00000, 0x0000000082f00000|100%| O|  |TAMS 0x0000000082f00000, 0x0000000082e00000| Untracked 
|  47|0x0000000082f00000, 0x0000000083000000, 0x0000000083000000|100%| O|  |TAMS 0x0000000083000000, 0x0000000082f00000| Untracked 
|  48|0x0000000083000000, 0x0000000083100000, 0x0000000083100000|100%| O|  |TAMS 0x0000000083100000, 0x0000000083000000| Untracked 
|  49|0x0000000083100000, 0x0000000083200000, 0x0000000083200000|100%| O|  |TAMS 0x0000000083100000, 0x0000000083100000| Untracked 
|  50|0x0000000083200000, 0x0000000083300000, 0x0000000083300000|100%| O|  |TAMS 0x0000000083300000, 0x0000000083200000| Untracked 
|  51|0x0000000083300000, 0x0000000083400000, 0x0000000083400000|100%| O|  |TAMS 0x0000000083400000, 0x0000000083300000| Untracked 
|  52|0x0000000083400000, 0x0000000083500000, 0x0000000083500000|100%| O|  |TAMS 0x0000000083500000, 0x0000000083400000| Untracked 
|  53|0x0000000083500000, 0x0000000083600000, 0x0000000083600000|100%| O|  |TAMS 0x0000000083600000, 0x0000000083500000| Untracked 
|  54|0x0000000083600000, 0x0000000083700000, 0x0000000083700000|100%| O|  |TAMS 0x0000000083700000, 0x0000000083600000| Untracked 
|  55|0x0000000083700000, 0x0000000083800000, 0x0000000083800000|100%| O|  |TAMS 0x0000000083800000, 0x0000000083700000| Untracked 
|  56|0x0000000083800000, 0x0000000083900000, 0x0000000083900000|100%| O|  |TAMS 0x0000000083800000, 0x0000000083800000| Untracked 
|  57|0x0000000083900000, 0x0000000083a00000, 0x0000000083a00000|100%| O|  |TAMS 0x0000000083a00000, 0x0000000083900000| Untracked 
|  58|0x0000000083a00000, 0x0000000083b00000, 0x0000000083b00000|100%| O|  |TAMS 0x0000000083a00000, 0x0000000083a00000| Untracked 
|  59|0x0000000083b00000, 0x0000000083c00000, 0x0000000083c00000|100%| O|  |TAMS 0x0000000083c00000, 0x0000000083b00000| Untracked 
|  60|0x0000000083c00000, 0x0000000083d00000, 0x0000000083d00000|100%| O|  |TAMS 0x0000000083d00000, 0x0000000083c00000| Untracked 
|  61|0x0000000083d00000, 0x0000000083e00000, 0x0000000083e00000|100%| O|  |TAMS 0x0000000083d00000, 0x0000000083d00000| Untracked 
|  62|0x0000000083e00000, 0x0000000083f00000, 0x0000000083f00000|100%| O|  |TAMS 0x0000000083f00000, 0x0000000083e00000| Untracked 
|  63|0x0000000083f00000, 0x0000000084000000, 0x0000000084000000|100%| O|  |TAMS 0x0000000084000000, 0x0000000083f00000| Untracked 
|  64|0x0000000084000000, 0x0000000084100000, 0x0000000084100000|100%| O|  |TAMS 0x0000000084100000, 0x0000000084000000| Untracked 
|  65|0x0000000084100000, 0x0000000084200000, 0x0000000084200000|100%| O|  |TAMS 0x0000000084100000, 0x0000000084100000| Untracked 
|  66|0x0000000084200000, 0x0000000084300000, 0x0000000084300000|100%| O|  |TAMS 0x0000000084200000, 0x0000000084200000| Untracked 
|  67|0x0000000084300000, 0x0000000084400000, 0x0000000084400000|100%| O|  |TAMS 0x0000000084400000, 0x0000000084300000| Untracked 
|  68|0x0000000084400000, 0x0000000084500000, 0x0000000084500000|100%| O|  |TAMS 0x0000000084500000, 0x0000000084400000| Untracked 
|  69|0x0000000084500000, 0x0000000084600000, 0x0000000084600000|100%| O|  |TAMS 0x0000000084600000, 0x0000000084500000| Untracked 
|  70|0x0000000084600000, 0x0000000084600000, 0x0000000084700000|  0%| F|  |TAMS 0x0000000084600000, 0x0000000084600000| Untracked 
|  71|0x0000000084700000, 0x0000000084800000, 0x0000000084800000|100%| O|  |TAMS 0x0000000084800000, 0x0000000084700000| Untracked 
|  72|0x0000000084800000, 0x0000000084900000, 0x0000000084900000|100%| O|  |TAMS 0x0000000084900000, 0x0000000084800000| Untracked 
|  73|0x0000000084900000, 0x0000000084a00000, 0x0000000084a00000|100%|HS|  |TAMS 0x0000000084a00000, 0x0000000084900000| Complete 
|  74|0x0000000084a00000, 0x0000000084b00000, 0x0000000084b00000|100%|HS|  |TAMS 0x0000000084b00000, 0x0000000084a00000| Complete 
|  75|0x0000000084b00000, 0x0000000084c00000, 0x0000000084c00000|100%|HS|  |TAMS 0x0000000084c00000, 0x0000000084b00000| Complete 
|  76|0x0000000084c00000, 0x0000000084d00000, 0x0000000084d00000|100%|HS|  |TAMS 0x0000000084d00000, 0x0000000084c00000| Complete 
|  77|0x0000000084d00000, 0x0000000084e00000, 0x0000000084e00000|100%| O|  |TAMS 0x0000000084e00000, 0x0000000084d00000| Untracked 
|  78|0x0000000084e00000, 0x0000000084f00000, 0x0000000084f00000|100%|HS|  |TAMS 0x0000000084f00000, 0x0000000084e00000| Complete 
|  79|0x0000000084f00000, 0x0000000085000000, 0x0000000085000000|100%|HS|  |TAMS 0x0000000085000000, 0x0000000084f00000| Complete 
|  80|0x0000000085000000, 0x0000000085100000, 0x0000000085100000|100%| O|  |TAMS 0x0000000085100000, 0x0000000085000000| Untracked 
|  81|0x0000000085100000, 0x0000000085200000, 0x0000000085200000|100%| O|  |TAMS 0x0000000085200000, 0x0000000085100000| Untracked 
|  82|0x0000000085200000, 0x0000000085300000, 0x0000000085300000|100%| O|  |TAMS 0x0000000085200000, 0x0000000085200000| Untracked 
|  83|0x0000000085300000, 0x0000000085400000, 0x0000000085400000|100%| O|  |TAMS 0x0000000085300000, 0x0000000085300000| Untracked 
|  84|0x0000000085400000, 0x0000000085500000, 0x0000000085500000|100%| O|  |TAMS 0x0000000085400000, 0x0000000085400000| Untracked 
|  85|0x0000000085500000, 0x0000000085600000, 0x0000000085600000|100%|HS|  |TAMS 0x0000000085600000, 0x0000000085500000| Complete 
|  86|0x0000000085600000, 0x0000000085700000, 0x0000000085700000|100%| O|  |TAMS 0x0000000085700000, 0x0000000085600000| Untracked 
|  87|0x0000000085700000, 0x0000000085800000, 0x0000000085800000|100%| O|  |TAMS 0x0000000085800000, 0x0000000085700000| Untracked 
|  88|0x0000000085800000, 0x0000000085900000, 0x0000000085900000|100%| O|  |TAMS 0x0000000085900000, 0x0000000085800000| Untracked 
|  89|0x0000000085900000, 0x0000000085a00000, 0x0000000085a00000|100%| O|  |TAMS 0x0000000085a00000, 0x0000000085900000| Untracked 
|  90|0x0000000085a00000, 0x0000000085b00000, 0x0000000085b00000|100%| O|  |TAMS 0x0000000085b00000, 0x0000000085a00000| Untracked 
|  91|0x0000000085b00000, 0x0000000085c00000, 0x0000000085c00000|100%| O|  |TAMS 0x0000000085c00000, 0x0000000085b00000| Untracked 
|  92|0x0000000085c00000, 0x0000000085d00000, 0x0000000085d00000|100%| O|  |TAMS 0x0000000085c00000, 0x0000000085c00000| Untracked 
|  93|0x0000000085d00000, 0x0000000085e00000, 0x0000000085e00000|100%| O|  |TAMS 0x0000000085e00000, 0x0000000085d00000| Untracked 
|  94|0x0000000085e00000, 0x0000000085f00000, 0x0000000085f00000|100%| O|  |TAMS 0x0000000085f00000, 0x0000000085e00000| Untracked 
|  95|0x0000000085f00000, 0x0000000086000000, 0x0000000086000000|100%| O|  |TAMS 0x0000000086000000, 0x0000000085f00000| Untracked 
|  96|0x0000000086000000, 0x0000000086100000, 0x0000000086100000|100%| O|  |TAMS 0x0000000086100000, 0x0000000086000000| Untracked 
|  97|0x0000000086100000, 0x0000000086200000, 0x0000000086200000|100%|HS|  |TAMS 0x0000000086200000, 0x0000000086100000| Complete 
|  98|0x0000000086200000, 0x0000000086300000, 0x0000000086300000|100%|HC|  |TAMS 0x0000000086300000, 0x0000000086200000| Complete 
|  99|0x0000000086300000, 0x0000000086400000, 0x0000000086400000|100%|HC|  |TAMS 0x0000000086400000, 0x0000000086300000| Complete 
| 100|0x0000000086400000, 0x0000000086500000, 0x0000000086500000|100%| O|  |TAMS 0x0000000086500000, 0x0000000086400000| Untracked 
| 101|0x0000000086500000, 0x0000000086600000, 0x0000000086600000|100%| O|  |TAMS 0x0000000086600000, 0x0000000086500000| Untracked 
| 102|0x0000000086600000, 0x0000000086700000, 0x0000000086700000|100%| O|  |TAMS 0x0000000086700000, 0x0000000086600000| Untracked 
| 103|0x0000000086700000, 0x0000000086800000, 0x0000000086800000|100%| O|  |TAMS 0x0000000086800000, 0x0000000086700000| Untracked 
| 104|0x0000000086800000, 0x0000000086900000, 0x0000000086900000|100%| O|  |TAMS 0x0000000086800000, 0x0000000086800000| Untracked 
| 105|0x0000000086900000, 0x0000000086a00000, 0x0000000086a00000|100%| O|  |TAMS 0x0000000086a00000, 0x0000000086900000| Untracked 
| 106|0x0000000086a00000, 0x0000000086b00000, 0x0000000086b00000|100%| O|  |TAMS 0x0000000086a00000, 0x0000000086a00000| Untracked 
| 107|0x0000000086b00000, 0x0000000086c00000, 0x0000000086c00000|100%| O|  |TAMS 0x0000000086c00000, 0x0000000086b00000| Untracked 
| 108|0x0000000086c00000, 0x0000000086d00000, 0x0000000086d00000|100%| O|  |TAMS 0x0000000086c00000, 0x0000000086c00000| Untracked 
| 109|0x0000000086d00000, 0x0000000086e00000, 0x0000000086e00000|100%| O|  |TAMS 0x0000000086e00000, 0x0000000086d00000| Untracked 
| 110|0x0000000086e00000, 0x0000000086f00000, 0x0000000086f00000|100%| O|  |TAMS 0x0000000086f00000, 0x0000000086e00000| Untracked 
| 111|0x0000000086f00000, 0x0000000087000000, 0x0000000087000000|100%| O|  |TAMS 0x0000000087000000, 0x0000000086f00000| Untracked 
| 112|0x0000000087000000, 0x0000000087100000, 0x0000000087100000|100%| O|  |TAMS 0x0000000087100000, 0x0000000087000000| Untracked 
| 113|0x0000000087100000, 0x0000000087100000, 0x0000000087200000|  0%| F|  |TAMS 0x0000000087100000, 0x0000000087100000| Untracked 
| 114|0x0000000087200000, 0x0000000087300000, 0x0000000087300000|100%| O|  |TAMS 0x0000000087300000, 0x0000000087200000| Untracked 
| 115|0x0000000087300000, 0x0000000087400000, 0x0000000087400000|100%| O|  |TAMS 0x0000000087300000, 0x0000000087300000| Untracked 
| 116|0x0000000087400000, 0x0000000087500000, 0x0000000087500000|100%| O|  |TAMS 0x0000000087400000, 0x0000000087400000| Untracked 
| 117|0x0000000087500000, 0x0000000087600000, 0x0000000087600000|100%| O|  |TAMS 0x0000000087500000, 0x0000000087500000| Untracked 
| 118|0x0000000087600000, 0x0000000087600000, 0x0000000087700000|  0%| F|  |TAMS 0x0000000087600000, 0x0000000087600000| Untracked 
| 119|0x0000000087700000, 0x0000000087800000, 0x0000000087800000|100%| O|  |TAMS 0x0000000087800000, 0x0000000087700000| Untracked 
| 120|0x0000000087800000, 0x0000000087900000, 0x0000000087900000|100%| O|  |TAMS 0x0000000087900000, 0x0000000087800000| Untracked 
| 121|0x0000000087900000, 0x0000000087a00000, 0x0000000087a00000|100%| O|  |TAMS 0x0000000087a00000, 0x0000000087900000| Untracked 
| 122|0x0000000087a00000, 0x0000000087b00000, 0x0000000087b00000|100%| O|  |TAMS 0x0000000087b00000, 0x0000000087a00000| Untracked 
| 123|0x0000000087b00000, 0x0000000087c00000, 0x0000000087c00000|100%| O|  |TAMS 0x0000000087b00000, 0x0000000087b00000| Untracked 
| 124|0x0000000087c00000, 0x0000000087c91600, 0x0000000087d00000| 56%| O|  |TAMS 0x0000000087c00000, 0x0000000087c00000| Untracked 
| 125|0x0000000087d00000, 0x0000000087e00000, 0x0000000087e00000|100%| O|  |TAMS 0x0000000087e00000, 0x0000000087d00000| Untracked 
| 126|0x0000000087e00000, 0x0000000087f00000, 0x0000000087f00000|100%| O|  |TAMS 0x0000000087f00000, 0x0000000087e00000| Untracked 
| 127|0x0000000087f00000, 0x0000000088000000, 0x0000000088000000|100%| O|  |TAMS 0x0000000088000000, 0x0000000087f00000| Untracked 
| 128|0x0000000088000000, 0x0000000088100000, 0x0000000088100000|100%| O|  |TAMS 0x0000000088100000, 0x0000000088000000| Untracked 
| 129|0x0000000088100000, 0x0000000088200000, 0x0000000088200000|100%| O|  |TAMS 0x0000000088200000, 0x0000000088100000| Untracked 
| 130|0x0000000088200000, 0x0000000088300000, 0x0000000088300000|100%| O|  |TAMS 0x0000000088300000, 0x0000000088200000| Untracked 
| 131|0x0000000088300000, 0x0000000088400000, 0x0000000088400000|100%| O|  |TAMS 0x0000000088400000, 0x0000000088300000| Untracked 
| 132|0x0000000088400000, 0x0000000088500000, 0x0000000088500000|100%| O|  |TAMS 0x0000000088500000, 0x0000000088400000| Untracked 
| 133|0x0000000088500000, 0x0000000088600000, 0x0000000088600000|100%|HS|  |TAMS 0x0000000088600000, 0x0000000088500000| Complete 
| 134|0x0000000088600000, 0x0000000088700000, 0x0000000088700000|100%|HS|  |TAMS 0x0000000088700000, 0x0000000088600000| Complete 
| 135|0x0000000088700000, 0x0000000088700000, 0x0000000088800000|  0%| F|  |TAMS 0x0000000088700000, 0x0000000088700000| Untracked 
| 136|0x0000000088800000, 0x0000000088900000, 0x0000000088900000|100%|HS|  |TAMS 0x0000000088900000, 0x0000000088800000| Complete 
| 137|0x0000000088900000, 0x0000000088a00000, 0x0000000088a00000|100%|HC|  |TAMS 0x0000000088a00000, 0x0000000088900000| Complete 
| 138|0x0000000088a00000, 0x0000000088a00000, 0x0000000088b00000|  0%| F|  |TAMS 0x0000000088a00000, 0x0000000088a00000| Untracked 
| 139|0x0000000088b00000, 0x0000000088c00000, 0x0000000088c00000|100%| O|  |TAMS 0x0000000088c00000, 0x0000000088b00000| Untracked 
| 140|0x0000000088c00000, 0x0000000088d00000, 0x0000000088d00000|100%| O|  |TAMS 0x0000000088d00000, 0x0000000088c00000| Untracked 
| 141|0x0000000088d00000, 0x0000000088e00000, 0x0000000088e00000|100%| O|  |TAMS 0x0000000088e00000, 0x0000000088d00000| Untracked 
| 142|0x0000000088e00000, 0x0000000088e00000, 0x0000000088f00000|  0%| F|  |TAMS 0x0000000088e00000, 0x0000000088e00000| Untracked 
| 143|0x0000000088f00000, 0x0000000088f00000, 0x0000000089000000|  0%| F|  |TAMS 0x0000000088f00000, 0x0000000088f00000| Untracked 
| 144|0x0000000089000000, 0x0000000089100000, 0x0000000089100000|100%| O|  |TAMS 0x0000000089100000, 0x0000000089000000| Untracked 
| 145|0x0000000089100000, 0x0000000089200000, 0x0000000089200000|100%| O|  |TAMS 0x0000000089200000, 0x0000000089100000| Untracked 
| 146|0x0000000089200000, 0x0000000089300000, 0x0000000089300000|100%| O|  |TAMS 0x0000000089300000, 0x0000000089200000| Untracked 
| 147|0x0000000089300000, 0x0000000089400000, 0x0000000089400000|100%| O|  |TAMS 0x0000000089400000, 0x0000000089300000| Untracked 
| 148|0x0000000089400000, 0x0000000089500000, 0x0000000089500000|100%| O|  |TAMS 0x0000000089500000, 0x0000000089400000| Untracked 
| 149|0x0000000089500000, 0x0000000089600000, 0x0000000089600000|100%| O|  |TAMS 0x0000000089600000, 0x0000000089500000| Untracked 
| 150|0x0000000089600000, 0x0000000089700000, 0x0000000089700000|100%| O|  |TAMS 0x0000000089700000, 0x0000000089600000| Untracked 
| 151|0x0000000089700000, 0x0000000089800000, 0x0000000089800000|100%| O|  |TAMS 0x0000000089800000, 0x0000000089700000| Untracked 
| 152|0x0000000089800000, 0x0000000089900000, 0x0000000089900000|100%| O|  |TAMS 0x0000000089900000, 0x0000000089800000| Untracked 
| 153|0x0000000089900000, 0x0000000089a00000, 0x0000000089a00000|100%| O|  |TAMS 0x0000000089a00000, 0x0000000089900000| Untracked 
| 154|0x0000000089a00000, 0x0000000089b00000, 0x0000000089b00000|100%|HS|  |TAMS 0x0000000089b00000, 0x0000000089a00000| Complete 
| 155|0x0000000089b00000, 0x0000000089c00000, 0x0000000089c00000|100%|HS|  |TAMS 0x0000000089c00000, 0x0000000089b00000| Complete 
| 156|0x0000000089c00000, 0x0000000089d00000, 0x0000000089d00000|100%|HS|  |TAMS 0x0000000089d00000, 0x0000000089c00000| Complete 
| 157|0x0000000089d00000, 0x0000000089d00000, 0x0000000089e00000|  0%| F|  |TAMS 0x0000000089d00000, 0x0000000089d00000| Untracked 
| 158|0x0000000089e00000, 0x0000000089f00000, 0x0000000089f00000|100%| O|  |TAMS 0x0000000089f00000, 0x0000000089e00000| Untracked 
| 159|0x0000000089f00000, 0x0000000089f00000, 0x000000008a000000|  0%| F|  |TAMS 0x0000000089f00000, 0x0000000089f00000| Untracked 
| 160|0x000000008a000000, 0x000000008a100000, 0x000000008a100000|100%| O|  |TAMS 0x000000008a100000, 0x000000008a000000| Untracked 
| 161|0x000000008a100000, 0x000000008a100000, 0x000000008a200000|  0%| F|  |TAMS 0x000000008a100000, 0x000000008a100000| Untracked 
| 162|0x000000008a200000, 0x000000008a300000, 0x000000008a300000|100%| O|  |TAMS 0x000000008a300000, 0x000000008a200000| Untracked 
| 163|0x000000008a300000, 0x000000008a400000, 0x000000008a400000|100%| O|  |TAMS 0x000000008a400000, 0x000000008a300000| Untracked 
| 164|0x000000008a400000, 0x000000008a500000, 0x000000008a500000|100%| O|  |TAMS 0x000000008a500000, 0x000000008a400000| Untracked 
| 165|0x000000008a500000, 0x000000008a500000, 0x000000008a600000|  0%| F|  |TAMS 0x000000008a500000, 0x000000008a500000| Untracked 
| 166|0x000000008a600000, 0x000000008a700000, 0x000000008a700000|100%| O|  |TAMS 0x000000008a700000, 0x000000008a600000| Untracked 
| 167|0x000000008a700000, 0x000000008a800000, 0x000000008a800000|100%| O|  |TAMS 0x000000008a800000, 0x000000008a700000| Untracked 
| 168|0x000000008a800000, 0x000000008a900000, 0x000000008a900000|100%| O|  |TAMS 0x000000008a900000, 0x000000008a800000| Untracked 
| 169|0x000000008a900000, 0x000000008a900000, 0x000000008aa00000|  0%| F|  |TAMS 0x000000008a900000, 0x000000008a900000| Untracked 
| 170|0x000000008aa00000, 0x000000008ab00000, 0x000000008ab00000|100%| O|  |TAMS 0x000000008ab00000, 0x000000008aa00000| Untracked 
| 171|0x000000008ab00000, 0x000000008ab00000, 0x000000008ac00000|  0%| F|  |TAMS 0x000000008ab00000, 0x000000008ab00000| Untracked 
| 172|0x000000008ac00000, 0x000000008ac00000, 0x000000008ad00000|  0%| F|  |TAMS 0x000000008ac00000, 0x000000008ac00000| Untracked 
| 173|0x000000008ad00000, 0x000000008ae00000, 0x000000008ae00000|100%| O|  |TAMS 0x000000008ae00000, 0x000000008ad00000| Untracked 
| 174|0x000000008ae00000, 0x000000008af00000, 0x000000008af00000|100%| O|  |TAMS 0x000000008af00000, 0x000000008ae00000| Untracked 
| 175|0x000000008af00000, 0x000000008af00000, 0x000000008b000000|  0%| F|  |TAMS 0x000000008af00000, 0x000000008af00000| Untracked 
| 176|0x000000008b000000, 0x000000008b000000, 0x000000008b100000|  0%| F|  |TAMS 0x000000008b000000, 0x000000008b000000| Untracked 
| 177|0x000000008b100000, 0x000000008b100000, 0x000000008b200000|  0%| F|  |TAMS 0x000000008b100000, 0x000000008b100000| Untracked 
| 178|0x000000008b200000, 0x000000008b200000, 0x000000008b300000|  0%| F|  |TAMS 0x000000008b200000, 0x000000008b200000| Untracked 
| 179|0x000000008b300000, 0x000000008b400000, 0x000000008b400000|100%| O|  |TAMS 0x000000008b400000, 0x000000008b300000| Untracked 
| 180|0x000000008b400000, 0x000000008b500000, 0x000000008b500000|100%| O|  |TAMS 0x000000008b500000, 0x000000008b400000| Untracked 
| 181|0x000000008b500000, 0x000000008b500000, 0x000000008b600000|  0%| F|  |TAMS 0x000000008b500000, 0x000000008b500000| Untracked 
| 182|0x000000008b600000, 0x000000008b600000, 0x000000008b700000|  0%| F|  |TAMS 0x000000008b600000, 0x000000008b600000| Untracked 
| 183|0x000000008b700000, 0x000000008b700000, 0x000000008b800000|  0%| F|  |TAMS 0x000000008b700000, 0x000000008b700000| Untracked 
| 184|0x000000008b800000, 0x000000008b900000, 0x000000008b900000|100%| O|  |TAMS 0x000000008b900000, 0x000000008b800000| Untracked 
| 185|0x000000008b900000, 0x000000008b900000, 0x000000008ba00000|  0%| F|  |TAMS 0x000000008b900000, 0x000000008b900000| Untracked 
| 186|0x000000008ba00000, 0x000000008bb00000, 0x000000008bb00000|100%| O|  |TAMS 0x000000008bb00000, 0x000000008ba00000| Untracked 
| 187|0x000000008bb00000, 0x000000008bc00000, 0x000000008bc00000|100%| O|  |TAMS 0x000000008bc00000, 0x000000008bb00000| Untracked 
| 188|0x000000008bc00000, 0x000000008bc00000, 0x000000008bd00000|  0%| F|  |TAMS 0x000000008bc00000, 0x000000008bc00000| Untracked 
| 189|0x000000008bd00000, 0x000000008bd00000, 0x000000008be00000|  0%| F|  |TAMS 0x000000008bd00000, 0x000000008bd00000| Untracked 
| 190|0x000000008be00000, 0x000000008bf00000, 0x000000008bf00000|100%| O|  |TAMS 0x000000008bf00000, 0x000000008be00000| Untracked 
| 191|0x000000008bf00000, 0x000000008bf00000, 0x000000008c000000|  0%| F|  |TAMS 0x000000008bf00000, 0x000000008bf00000| Untracked 
| 192|0x000000008c000000, 0x000000008c000000, 0x000000008c100000|  0%| F|  |TAMS 0x000000008c000000, 0x000000008c000000| Untracked 
| 193|0x000000008c100000, 0x000000008c200000, 0x000000008c200000|100%| O|  |TAMS 0x000000008c200000, 0x000000008c100000| Untracked 
| 194|0x000000008c200000, 0x000000008c300000, 0x000000008c300000|100%| O|  |TAMS 0x000000008c300000, 0x000000008c200000| Untracked 
| 195|0x000000008c300000, 0x000000008c400000, 0x000000008c400000|100%| O|  |TAMS 0x000000008c400000, 0x000000008c300000| Untracked 
| 196|0x000000008c400000, 0x000000008c400000, 0x000000008c500000|  0%| F|  |TAMS 0x000000008c400000, 0x000000008c400000| Untracked 
| 197|0x000000008c500000, 0x000000008c600000, 0x000000008c600000|100%| O|  |TAMS 0x000000008c600000, 0x000000008c500000| Untracked 
| 198|0x000000008c600000, 0x000000008c700000, 0x000000008c700000|100%| O|  |TAMS 0x000000008c700000, 0x000000008c600000| Untracked 
| 199|0x000000008c700000, 0x000000008c800000, 0x000000008c800000|100%| O|  |TAMS 0x000000008c800000, 0x000000008c700000| Untracked 
| 200|0x000000008c800000, 0x000000008c900000, 0x000000008c900000|100%| O|  |TAMS 0x000000008c900000, 0x000000008c800000| Untracked 
| 201|0x000000008c900000, 0x000000008ca00000, 0x000000008ca00000|100%| O|  |TAMS 0x000000008ca00000, 0x000000008c900000| Untracked 
| 202|0x000000008ca00000, 0x000000008ca00000, 0x000000008cb00000|  0%| F|  |TAMS 0x000000008ca00000, 0x000000008ca00000| Untracked 
| 203|0x000000008cb00000, 0x000000008cc00000, 0x000000008cc00000|100%| O|  |TAMS 0x000000008cc00000, 0x000000008cb00000| Untracked 
| 204|0x000000008cc00000, 0x000000008cd00000, 0x000000008cd00000|100%| O|  |TAMS 0x000000008cd00000, 0x000000008cc00000| Untracked 
| 205|0x000000008cd00000, 0x000000008cd00000, 0x000000008ce00000|  0%| F|  |TAMS 0x000000008cd00000, 0x000000008cd00000| Untracked 
| 206|0x000000008ce00000, 0x000000008ce00000, 0x000000008cf00000|  0%| F|  |TAMS 0x000000008ce00000, 0x000000008ce00000| Untracked 
| 207|0x000000008cf00000, 0x000000008cf00000, 0x000000008d000000|  0%| F|  |TAMS 0x000000008cf00000, 0x000000008cf00000| Untracked 
| 208|0x000000008d000000, 0x000000008d100000, 0x000000008d100000|100%| O|  |TAMS 0x000000008d100000, 0x000000008d000000| Untracked 
| 209|0x000000008d100000, 0x000000008d200000, 0x000000008d200000|100%| O|  |TAMS 0x000000008d200000, 0x000000008d100000| Untracked 
| 210|0x000000008d200000, 0x000000008d300000, 0x000000008d300000|100%| O|  |TAMS 0x000000008d300000, 0x000000008d200000| Untracked 
| 211|0x000000008d300000, 0x000000008d400000, 0x000000008d400000|100%| O|  |TAMS 0x000000008d400000, 0x000000008d300000| Untracked 
| 212|0x000000008d400000, 0x000000008d400000, 0x000000008d500000|  0%| F|  |TAMS 0x000000008d400000, 0x000000008d400000| Untracked 
| 213|0x000000008d500000, 0x000000008d500000, 0x000000008d600000|  0%| F|  |TAMS 0x000000008d500000, 0x000000008d500000| Untracked 
| 214|0x000000008d600000, 0x000000008d600000, 0x000000008d700000|  0%| F|  |TAMS 0x000000008d600000, 0x000000008d600000| Untracked 
| 215|0x000000008d700000, 0x000000008d700000, 0x000000008d800000|  0%| F|  |TAMS 0x000000008d700000, 0x000000008d700000| Untracked 
| 216|0x000000008d800000, 0x000000008d800000, 0x000000008d900000|  0%| F|  |TAMS 0x000000008d800000, 0x000000008d800000| Untracked 
| 217|0x000000008d900000, 0x000000008d900000, 0x000000008da00000|  0%| F|  |TAMS 0x000000008d900000, 0x000000008d900000| Untracked 
| 218|0x000000008da00000, 0x000000008da00000, 0x000000008db00000|  0%| F|  |TAMS 0x000000008da00000, 0x000000008da00000| Untracked 
| 219|0x000000008db00000, 0x000000008db00000, 0x000000008dc00000|  0%| F|  |TAMS 0x000000008db00000, 0x000000008db00000| Untracked 
| 220|0x000000008dc00000, 0x000000008dd00000, 0x000000008dd00000|100%| O|  |TAMS 0x000000008dd00000, 0x000000008dc00000| Untracked 
| 221|0x000000008dd00000, 0x000000008de00000, 0x000000008de00000|100%| O|  |TAMS 0x000000008de00000, 0x000000008dd00000| Untracked 
| 222|0x000000008de00000, 0x000000008df00000, 0x000000008df00000|100%| O|  |TAMS 0x000000008df00000, 0x000000008de00000| Untracked 
| 223|0x000000008df00000, 0x000000008df00000, 0x000000008e000000|  0%| F|  |TAMS 0x000000008df00000, 0x000000008df00000| Untracked 
| 224|0x000000008e000000, 0x000000008e100000, 0x000000008e100000|100%| O|  |TAMS 0x000000008e100000, 0x000000008e000000| Untracked 
| 225|0x000000008e100000, 0x000000008e100000, 0x000000008e200000|  0%| F|  |TAMS 0x000000008e100000, 0x000000008e100000| Untracked 
| 226|0x000000008e200000, 0x000000008e200000, 0x000000008e300000|  0%| F|  |TAMS 0x000000008e200000, 0x000000008e200000| Untracked 
| 227|0x000000008e300000, 0x000000008e400000, 0x000000008e400000|100%| O|  |TAMS 0x000000008e400000, 0x000000008e300000| Untracked 
| 228|0x000000008e400000, 0x000000008e400000, 0x000000008e500000|  0%| F|  |TAMS 0x000000008e400000, 0x000000008e400000| Untracked 
| 229|0x000000008e500000, 0x000000008e600000, 0x000000008e600000|100%| O|  |TAMS 0x000000008e600000, 0x000000008e500000| Untracked 
| 230|0x000000008e600000, 0x000000008e700000, 0x000000008e700000|100%| O|  |TAMS 0x000000008e700000, 0x000000008e600000| Untracked 
| 231|0x000000008e700000, 0x000000008e800000, 0x000000008e800000|100%| O|  |TAMS 0x000000008e800000, 0x000000008e700000| Untracked 
| 232|0x000000008e800000, 0x000000008e900000, 0x000000008e900000|100%| O|  |TAMS 0x000000008e900000, 0x000000008e800000| Untracked 
| 233|0x000000008e900000, 0x000000008e900000, 0x000000008ea00000|  0%| F|  |TAMS 0x000000008e900000, 0x000000008e900000| Untracked 
| 234|0x000000008ea00000, 0x000000008eb00000, 0x000000008eb00000|100%| O|  |TAMS 0x000000008eb00000, 0x000000008ea00000| Untracked 
| 235|0x000000008eb00000, 0x000000008ec00000, 0x000000008ec00000|100%| O|  |TAMS 0x000000008ec00000, 0x000000008eb00000| Untracked 
| 236|0x000000008ec00000, 0x000000008ed00000, 0x000000008ed00000|100%| O|  |TAMS 0x000000008ed00000, 0x000000008ec00000| Untracked 
| 237|0x000000008ed00000, 0x000000008ed00000, 0x000000008ee00000|  0%| F|  |TAMS 0x000000008ed00000, 0x000000008ed00000| Untracked 
| 238|0x000000008ee00000, 0x000000008ef00000, 0x000000008ef00000|100%| O|  |TAMS 0x000000008ef00000, 0x000000008ee00000| Untracked 
| 239|0x000000008ef00000, 0x000000008f000000, 0x000000008f000000|100%| O|  |TAMS 0x000000008f000000, 0x000000008ef00000| Untracked 
| 240|0x000000008f000000, 0x000000008f100000, 0x000000008f100000|100%| O|  |TAMS 0x000000008f100000, 0x000000008f000000| Untracked 
| 241|0x000000008f100000, 0x000000008f100000, 0x000000008f200000|  0%| F|  |TAMS 0x000000008f100000, 0x000000008f100000| Untracked 
| 242|0x000000008f200000, 0x000000008f300000, 0x000000008f300000|100%| O|  |TAMS 0x000000008f300000, 0x000000008f200000| Untracked 
| 243|0x000000008f300000, 0x000000008f400000, 0x000000008f400000|100%| O|  |TAMS 0x000000008f400000, 0x000000008f300000| Untracked 
| 244|0x000000008f400000, 0x000000008f400000, 0x000000008f500000|  0%| F|  |TAMS 0x000000008f400000, 0x000000008f400000| Untracked 
| 245|0x000000008f500000, 0x000000008f600000, 0x000000008f600000|100%| O|  |TAMS 0x000000008f600000, 0x000000008f500000| Untracked 
| 246|0x000000008f600000, 0x000000008f600000, 0x000000008f700000|  0%| F|  |TAMS 0x000000008f600000, 0x000000008f600000| Untracked 
| 247|0x000000008f700000, 0x000000008f700000, 0x000000008f800000|  0%| F|  |TAMS 0x000000008f700000, 0x000000008f700000| Untracked 
| 248|0x000000008f800000, 0x000000008f800000, 0x000000008f900000|  0%| F|  |TAMS 0x000000008f800000, 0x000000008f800000| Untracked 
| 249|0x000000008f900000, 0x000000008f900000, 0x000000008fa00000|  0%| F|  |TAMS 0x000000008f900000, 0x000000008f900000| Untracked 
| 250|0x000000008fa00000, 0x000000008fb00000, 0x000000008fb00000|100%| O|  |TAMS 0x000000008fb00000, 0x000000008fa00000| Untracked 
| 251|0x000000008fb00000, 0x000000008fb00000, 0x000000008fc00000|  0%| F|  |TAMS 0x000000008fb00000, 0x000000008fb00000| Untracked 
| 252|0x000000008fc00000, 0x000000008fc00000, 0x000000008fd00000|  0%| F|  |TAMS 0x000000008fc00000, 0x000000008fc00000| Untracked 
| 253|0x000000008fd00000, 0x000000008fd00000, 0x000000008fe00000|  0%| F|  |TAMS 0x000000008fd00000, 0x000000008fd00000| Untracked 
| 254|0x000000008fe00000, 0x000000008fe00000, 0x000000008ff00000|  0%| F|  |TAMS 0x000000008fe00000, 0x000000008fe00000| Untracked 
| 255|0x000000008ff00000, 0x0000000090000000, 0x0000000090000000|100%| O|  |TAMS 0x0000000090000000, 0x000000008ff00000| Untracked 
| 256|0x0000000090000000, 0x0000000090000000, 0x0000000090100000|  0%| F|  |TAMS 0x0000000090000000, 0x0000000090000000| Untracked 
| 257|0x0000000090100000, 0x0000000090200000, 0x0000000090200000|100%| O|  |TAMS 0x0000000090200000, 0x0000000090100000| Untracked 
| 258|0x0000000090200000, 0x0000000090300000, 0x0000000090300000|100%| O|  |TAMS 0x0000000090300000, 0x0000000090200000| Untracked 
| 259|0x0000000090300000, 0x0000000090300000, 0x0000000090400000|  0%| F|  |TAMS 0x0000000090300000, 0x0000000090300000| Untracked 
| 260|0x0000000090400000, 0x0000000090500000, 0x0000000090500000|100%| O|  |TAMS 0x0000000090500000, 0x0000000090400000| Untracked 
| 261|0x0000000090500000, 0x0000000090600000, 0x0000000090600000|100%| O|  |TAMS 0x0000000090600000, 0x0000000090500000| Untracked 
| 262|0x0000000090600000, 0x0000000090700000, 0x0000000090700000|100%| O|  |TAMS 0x0000000090700000, 0x0000000090600000| Untracked 
| 263|0x0000000090700000, 0x0000000090800000, 0x0000000090800000|100%| O|  |TAMS 0x0000000090800000, 0x0000000090700000| Untracked 
| 264|0x0000000090800000, 0x0000000090800000, 0x0000000090900000|  0%| F|  |TAMS 0x0000000090800000, 0x0000000090800000| Untracked 
| 265|0x0000000090900000, 0x0000000090a00000, 0x0000000090a00000|100%| O|  |TAMS 0x0000000090a00000, 0x0000000090900000| Untracked 
| 266|0x0000000090a00000, 0x0000000090a00000, 0x0000000090b00000|  0%| F|  |TAMS 0x0000000090a00000, 0x0000000090a00000| Untracked 
| 267|0x0000000090b00000, 0x0000000090c00000, 0x0000000090c00000|100%| O|  |TAMS 0x0000000090c00000, 0x0000000090b00000| Untracked 
| 268|0x0000000090c00000, 0x0000000090d00000, 0x0000000090d00000|100%| O|  |TAMS 0x0000000090d00000, 0x0000000090c00000| Untracked 
| 269|0x0000000090d00000, 0x0000000090e00000, 0x0000000090e00000|100%| O|  |TAMS 0x0000000090e00000, 0x0000000090d00000| Untracked 
| 270|0x0000000090e00000, 0x0000000090f00000, 0x0000000090f00000|100%| O|  |TAMS 0x0000000090f00000, 0x0000000090e00000| Untracked 
| 271|0x0000000090f00000, 0x0000000091000000, 0x0000000091000000|100%| O|  |TAMS 0x0000000091000000, 0x0000000090f00000| Untracked 
| 272|0x0000000091000000, 0x0000000091100000, 0x0000000091100000|100%| O|  |TAMS 0x0000000091100000, 0x0000000091000000| Untracked 
| 273|0x0000000091100000, 0x0000000091200000, 0x0000000091200000|100%| O|  |TAMS 0x0000000091200000, 0x0000000091100000| Untracked 
| 274|0x0000000091200000, 0x0000000091300000, 0x0000000091300000|100%| O|  |TAMS 0x0000000091300000, 0x0000000091200000| Untracked 
| 275|0x0000000091300000, 0x0000000091400000, 0x0000000091400000|100%| O|  |TAMS 0x0000000091400000, 0x0000000091300000| Untracked 
| 276|0x0000000091400000, 0x0000000091500000, 0x0000000091500000|100%| O|  |TAMS 0x0000000091500000, 0x0000000091400000| Untracked 
| 277|0x0000000091500000, 0x0000000091600000, 0x0000000091600000|100%| O|  |TAMS 0x0000000091600000, 0x0000000091500000| Untracked 
| 278|0x0000000091600000, 0x0000000091700000, 0x0000000091700000|100%| O|  |TAMS 0x0000000091700000, 0x0000000091600000| Untracked 
| 279|0x0000000091700000, 0x0000000091800000, 0x0000000091800000|100%| O|  |TAMS 0x0000000091800000, 0x0000000091700000| Untracked 
| 280|0x0000000091800000, 0x0000000091900000, 0x0000000091900000|100%| O|  |TAMS 0x0000000091900000, 0x0000000091800000| Untracked 
| 281|0x0000000091900000, 0x0000000091a00000, 0x0000000091a00000|100%| O|  |TAMS 0x0000000091a00000, 0x0000000091900000| Untracked 
| 282|0x0000000091a00000, 0x0000000091b00000, 0x0000000091b00000|100%| O|  |TAMS 0x0000000091b00000, 0x0000000091a00000| Untracked 
| 283|0x0000000091b00000, 0x0000000091c00000, 0x0000000091c00000|100%| O|  |TAMS 0x0000000091c00000, 0x0000000091b00000| Untracked 
| 284|0x0000000091c00000, 0x0000000091d00000, 0x0000000091d00000|100%| O|  |TAMS 0x0000000091d00000, 0x0000000091c00000| Untracked 
| 285|0x0000000091d00000, 0x0000000091e00000, 0x0000000091e00000|100%| O|  |TAMS 0x0000000091e00000, 0x0000000091d00000| Untracked 
| 286|0x0000000091e00000, 0x0000000091f00000, 0x0000000091f00000|100%| O|  |TAMS 0x0000000091f00000, 0x0000000091e00000| Untracked 
| 287|0x0000000091f00000, 0x0000000092000000, 0x0000000092000000|100%| O|  |TAMS 0x0000000092000000, 0x0000000091f00000| Untracked 
| 288|0x0000000092000000, 0x0000000092100000, 0x0000000092100000|100%| O|  |TAMS 0x0000000092100000, 0x0000000092000000| Untracked 
| 289|0x0000000092100000, 0x0000000092100000, 0x0000000092200000|  0%| F|  |TAMS 0x0000000092100000, 0x0000000092100000| Untracked 
| 290|0x0000000092200000, 0x0000000092300000, 0x0000000092300000|100%| O|  |TAMS 0x0000000092300000, 0x0000000092200000| Untracked 
| 291|0x0000000092300000, 0x0000000092400000, 0x0000000092400000|100%| O|  |TAMS 0x00000000923ea400, 0x0000000092300000| Untracked 
| 292|0x0000000092400000, 0x0000000092400000, 0x0000000092500000|  0%| F|  |TAMS 0x0000000092400000, 0x0000000092400000| Untracked 
| 293|0x0000000092500000, 0x0000000092500000, 0x0000000092600000|  0%| F|  |TAMS 0x0000000092500000, 0x0000000092500000| Untracked 
| 294|0x0000000092600000, 0x0000000092600000, 0x0000000092700000|  0%| F|  |TAMS 0x0000000092600000, 0x0000000092600000| Untracked 
| 295|0x0000000092700000, 0x0000000092700000, 0x0000000092800000|  0%| F|  |TAMS 0x0000000092700000, 0x0000000092700000| Untracked 
| 296|0x0000000092800000, 0x0000000092800000, 0x0000000092900000|  0%| F|  |TAMS 0x0000000092800000, 0x0000000092800000| Untracked 
| 297|0x0000000092900000, 0x0000000092900000, 0x0000000092a00000|  0%| F|  |TAMS 0x0000000092900000, 0x0000000092900000| Untracked 
| 298|0x0000000092a00000, 0x0000000092a00000, 0x0000000092b00000|  0%| F|  |TAMS 0x0000000092a00000, 0x0000000092a00000| Untracked 
| 299|0x0000000092b00000, 0x0000000092b00000, 0x0000000092c00000|  0%| F|  |TAMS 0x0000000092b00000, 0x0000000092b00000| Untracked 
| 300|0x0000000092c00000, 0x0000000092c00000, 0x0000000092d00000|  0%| F|  |TAMS 0x0000000092c00000, 0x0000000092c00000| Untracked 
| 301|0x0000000092d00000, 0x0000000092d00000, 0x0000000092e00000|  0%| F|  |TAMS 0x0000000092d00000, 0x0000000092d00000| Untracked 
| 302|0x0000000092e00000, 0x0000000092e00000, 0x0000000092f00000|  0%| F|  |TAMS 0x0000000092e00000, 0x0000000092e00000| Untracked 
| 303|0x0000000092f00000, 0x0000000092f00000, 0x0000000093000000|  0%| F|  |TAMS 0x0000000092f00000, 0x0000000092f00000| Untracked 
| 304|0x0000000093000000, 0x0000000093000000, 0x0000000093100000|  0%| F|  |TAMS 0x0000000093000000, 0x0000000093000000| Untracked 
| 305|0x0000000093100000, 0x0000000093100000, 0x0000000093200000|  0%| F|  |TAMS 0x0000000093100000, 0x0000000093100000| Untracked 
| 306|0x0000000093200000, 0x0000000093200000, 0x0000000093300000|  0%| F|  |TAMS 0x0000000093200000, 0x0000000093200000| Untracked 
| 307|0x0000000093300000, 0x0000000093300000, 0x0000000093400000|  0%| F|  |TAMS 0x0000000093300000, 0x0000000093300000| Untracked 
| 308|0x0000000093400000, 0x0000000093400000, 0x0000000093500000|  0%| F|  |TAMS 0x0000000093400000, 0x0000000093400000| Untracked 
| 309|0x0000000093500000, 0x0000000093500000, 0x0000000093600000|  0%| F|  |TAMS 0x0000000093500000, 0x0000000093500000| Untracked 
| 310|0x0000000093600000, 0x0000000093600000, 0x0000000093700000|  0%| F|  |TAMS 0x0000000093600000, 0x0000000093600000| Untracked 
| 311|0x0000000093700000, 0x0000000093700000, 0x0000000093800000|  0%| F|  |TAMS 0x0000000093700000, 0x0000000093700000| Untracked 
| 312|0x0000000093800000, 0x0000000093800000, 0x0000000093900000|  0%| F|  |TAMS 0x0000000093800000, 0x0000000093800000| Untracked 
| 313|0x0000000093900000, 0x0000000093900000, 0x0000000093a00000|  0%| F|  |TAMS 0x0000000093900000, 0x0000000093900000| Untracked 
| 314|0x0000000093a00000, 0x0000000093a00000, 0x0000000093b00000|  0%| F|  |TAMS 0x0000000093a00000, 0x0000000093a00000| Untracked 
| 315|0x0000000093b00000, 0x0000000093b00000, 0x0000000093c00000|  0%| F|  |TAMS 0x0000000093b00000, 0x0000000093b00000| Untracked 
| 316|0x0000000093c00000, 0x0000000093c00000, 0x0000000093d00000|  0%| F|  |TAMS 0x0000000093c00000, 0x0000000093c00000| Untracked 
| 317|0x0000000093d00000, 0x0000000093d00000, 0x0000000093e00000|  0%| F|  |TAMS 0x0000000093d00000, 0x0000000093d00000| Untracked 
| 318|0x0000000093e00000, 0x0000000093e00000, 0x0000000093f00000|  0%| F|  |TAMS 0x0000000093e00000, 0x0000000093e00000| Untracked 
| 319|0x0000000093f00000, 0x0000000093f00000, 0x0000000094000000|  0%| F|  |TAMS 0x0000000093f00000, 0x0000000093f00000| Untracked 
| 320|0x0000000094000000, 0x0000000094000000, 0x0000000094100000|  0%| F|  |TAMS 0x0000000094000000, 0x0000000094000000| Untracked 
| 321|0x0000000094100000, 0x0000000094100000, 0x0000000094200000|  0%| F|  |TAMS 0x0000000094100000, 0x0000000094100000| Untracked 
| 322|0x0000000094200000, 0x0000000094200000, 0x0000000094300000|  0%| F|  |TAMS 0x0000000094200000, 0x0000000094200000| Untracked 
| 323|0x0000000094300000, 0x0000000094300000, 0x0000000094400000|  0%| F|  |TAMS 0x0000000094300000, 0x0000000094300000| Untracked 
| 324|0x0000000094400000, 0x0000000094400000, 0x0000000094500000|  0%| F|  |TAMS 0x0000000094400000, 0x0000000094400000| Untracked 
| 325|0x0000000094500000, 0x0000000094500000, 0x0000000094600000|  0%| F|  |TAMS 0x0000000094500000, 0x0000000094500000| Untracked 
| 326|0x0000000094600000, 0x0000000094600000, 0x0000000094700000|  0%| F|  |TAMS 0x0000000094600000, 0x0000000094600000| Untracked 
| 327|0x0000000094700000, 0x0000000094700000, 0x0000000094800000|  0%| F|  |TAMS 0x0000000094700000, 0x0000000094700000| Untracked 
| 328|0x0000000094800000, 0x0000000094800000, 0x0000000094900000|  0%| F|  |TAMS 0x0000000094800000, 0x0000000094800000| Untracked 
| 329|0x0000000094900000, 0x0000000094900000, 0x0000000094a00000|  0%| F|  |TAMS 0x0000000094900000, 0x0000000094900000| Untracked 
| 330|0x0000000094a00000, 0x0000000094a00000, 0x0000000094b00000|  0%| F|  |TAMS 0x0000000094a00000, 0x0000000094a00000| Untracked 
| 331|0x0000000094b00000, 0x0000000094b00000, 0x0000000094c00000|  0%| F|  |TAMS 0x0000000094b00000, 0x0000000094b00000| Untracked 
| 332|0x0000000094c00000, 0x0000000094c00000, 0x0000000094d00000|  0%| F|  |TAMS 0x0000000094c00000, 0x0000000094c00000| Untracked 
| 333|0x0000000094d00000, 0x0000000094d00000, 0x0000000094e00000|  0%| F|  |TAMS 0x0000000094d00000, 0x0000000094d00000| Untracked 
| 334|0x0000000094e00000, 0x0000000094e00000, 0x0000000094f00000|  0%| F|  |TAMS 0x0000000094e00000, 0x0000000094e00000| Untracked 
| 335|0x0000000094f00000, 0x0000000094f00000, 0x0000000095000000|  0%| F|  |TAMS 0x0000000094f00000, 0x0000000094f00000| Untracked 
| 336|0x0000000095000000, 0x0000000095000000, 0x0000000095100000|  0%| F|  |TAMS 0x0000000095000000, 0x0000000095000000| Untracked 
| 337|0x0000000095100000, 0x0000000095100000, 0x0000000095200000|  0%| F|  |TAMS 0x0000000095100000, 0x0000000095100000| Untracked 
| 338|0x0000000095200000, 0x0000000095200000, 0x0000000095300000|  0%| F|  |TAMS 0x0000000095200000, 0x0000000095200000| Untracked 
| 339|0x0000000095300000, 0x0000000095300000, 0x0000000095400000|  0%| F|  |TAMS 0x0000000095300000, 0x0000000095300000| Untracked 
| 340|0x0000000095400000, 0x0000000095400000, 0x0000000095500000|  0%| F|  |TAMS 0x0000000095400000, 0x0000000095400000| Untracked 
| 341|0x0000000095500000, 0x0000000095500000, 0x0000000095600000|  0%| F|  |TAMS 0x0000000095500000, 0x0000000095500000| Untracked 
| 342|0x0000000095600000, 0x0000000095600000, 0x0000000095700000|  0%| F|  |TAMS 0x0000000095600000, 0x0000000095600000| Untracked 
| 343|0x0000000095700000, 0x0000000095700000, 0x0000000095800000|  0%| F|  |TAMS 0x0000000095700000, 0x0000000095700000| Untracked 
| 344|0x0000000095800000, 0x0000000095800000, 0x0000000095900000|  0%| F|  |TAMS 0x0000000095800000, 0x0000000095800000| Untracked 
| 345|0x0000000095900000, 0x0000000095900000, 0x0000000095a00000|  0%| F|  |TAMS 0x0000000095900000, 0x0000000095900000| Untracked 
| 346|0x0000000095a00000, 0x0000000095a00000, 0x0000000095b00000|  0%| F|  |TAMS 0x0000000095a00000, 0x0000000095a00000| Untracked 
| 347|0x0000000095b00000, 0x0000000095b00000, 0x0000000095c00000|  0%| F|  |TAMS 0x0000000095b00000, 0x0000000095b00000| Untracked 
| 348|0x0000000095c00000, 0x0000000095c00000, 0x0000000095d00000|  0%| F|  |TAMS 0x0000000095c00000, 0x0000000095c00000| Untracked 
| 349|0x0000000095d00000, 0x0000000095d00000, 0x0000000095e00000|  0%| F|  |TAMS 0x0000000095d00000, 0x0000000095d00000| Untracked 
| 350|0x0000000095e00000, 0x0000000095e00000, 0x0000000095f00000|  0%| F|  |TAMS 0x0000000095e00000, 0x0000000095e00000| Untracked 
| 351|0x0000000095f00000, 0x0000000095f00000, 0x0000000096000000|  0%| F|  |TAMS 0x0000000095f00000, 0x0000000095f00000| Untracked 
| 352|0x0000000096000000, 0x0000000096000000, 0x0000000096100000|  0%| F|  |TAMS 0x0000000096000000, 0x0000000096000000| Untracked 
| 353|0x0000000096100000, 0x0000000096100000, 0x0000000096200000|  0%| F|  |TAMS 0x0000000096100000, 0x0000000096100000| Untracked 
| 354|0x0000000096200000, 0x0000000096200000, 0x0000000096300000|  0%| F|  |TAMS 0x0000000096200000, 0x0000000096200000| Untracked 
| 355|0x0000000096300000, 0x0000000096300000, 0x0000000096400000|  0%| F|  |TAMS 0x0000000096300000, 0x0000000096300000| Untracked 
| 356|0x0000000096400000, 0x0000000096400000, 0x0000000096500000|  0%| F|  |TAMS 0x0000000096400000, 0x0000000096400000| Untracked 
| 357|0x0000000096500000, 0x0000000096500000, 0x0000000096600000|  0%| F|  |TAMS 0x0000000096500000, 0x0000000096500000| Untracked 
| 358|0x0000000096600000, 0x0000000096600000, 0x0000000096700000|  0%| F|  |TAMS 0x0000000096600000, 0x0000000096600000| Untracked 
| 359|0x0000000096700000, 0x0000000096700000, 0x0000000096800000|  0%| F|  |TAMS 0x0000000096700000, 0x0000000096700000| Untracked 
| 360|0x0000000096800000, 0x0000000096800000, 0x0000000096900000|  0%| F|  |TAMS 0x0000000096800000, 0x0000000096800000| Untracked 
| 361|0x0000000096900000, 0x0000000096900000, 0x0000000096a00000|  0%| F|  |TAMS 0x0000000096900000, 0x0000000096900000| Untracked 
| 362|0x0000000096a00000, 0x0000000096a00000, 0x0000000096b00000|  0%| F|  |TAMS 0x0000000096a00000, 0x0000000096a00000| Untracked 
| 363|0x0000000096b00000, 0x0000000096b00000, 0x0000000096c00000|  0%| F|  |TAMS 0x0000000096b00000, 0x0000000096b00000| Untracked 
| 364|0x0000000096c00000, 0x0000000096c00000, 0x0000000096d00000|  0%| F|  |TAMS 0x0000000096c00000, 0x0000000096c00000| Untracked 
| 365|0x0000000096d00000, 0x0000000096d00000, 0x0000000096e00000|  0%| F|  |TAMS 0x0000000096d00000, 0x0000000096d00000| Untracked 
| 366|0x0000000096e00000, 0x0000000096e00000, 0x0000000096f00000|  0%| F|  |TAMS 0x0000000096e00000, 0x0000000096e00000| Untracked 
| 367|0x0000000096f00000, 0x0000000096f00000, 0x0000000097000000|  0%| F|  |TAMS 0x0000000096f00000, 0x0000000096f00000| Untracked 
| 368|0x0000000097000000, 0x0000000097000000, 0x0000000097100000|  0%| F|  |TAMS 0x0000000097000000, 0x0000000097000000| Untracked 
| 369|0x0000000097100000, 0x0000000097100000, 0x0000000097200000|  0%| F|  |TAMS 0x0000000097100000, 0x0000000097100000| Untracked 
| 370|0x0000000097200000, 0x0000000097200000, 0x0000000097300000|  0%| F|  |TAMS 0x0000000097200000, 0x0000000097200000| Untracked 
| 371|0x0000000097300000, 0x0000000097300000, 0x0000000097400000|  0%| F|  |TAMS 0x0000000097300000, 0x0000000097300000| Untracked 
| 372|0x0000000097400000, 0x0000000097400000, 0x0000000097500000|  0%| F|  |TAMS 0x0000000097400000, 0x0000000097400000| Untracked 
| 373|0x0000000097500000, 0x0000000097500000, 0x0000000097600000|  0%| F|  |TAMS 0x0000000097500000, 0x0000000097500000| Untracked 
| 374|0x0000000097600000, 0x0000000097600000, 0x0000000097700000|  0%| F|  |TAMS 0x0000000097600000, 0x0000000097600000| Untracked 
| 375|0x0000000097700000, 0x0000000097700000, 0x0000000097800000|  0%| F|  |TAMS 0x0000000097700000, 0x0000000097700000| Untracked 
| 376|0x0000000097800000, 0x0000000097800000, 0x0000000097900000|  0%| F|  |TAMS 0x0000000097800000, 0x0000000097800000| Untracked 
| 377|0x0000000097900000, 0x0000000097900000, 0x0000000097a00000|  0%| F|  |TAMS 0x0000000097900000, 0x0000000097900000| Untracked 
| 378|0x0000000097a00000, 0x0000000097a00000, 0x0000000097b00000|  0%| F|  |TAMS 0x0000000097a00000, 0x0000000097a00000| Untracked 
| 379|0x0000000097b00000, 0x0000000097b00000, 0x0000000097c00000|  0%| F|  |TAMS 0x0000000097b00000, 0x0000000097b00000| Untracked 
| 380|0x0000000097c00000, 0x0000000097c00000, 0x0000000097d00000|  0%| F|  |TAMS 0x0000000097c00000, 0x0000000097c00000| Untracked 
| 381|0x0000000097d00000, 0x0000000097d00000, 0x0000000097e00000|  0%| F|  |TAMS 0x0000000097d00000, 0x0000000097d00000| Untracked 
| 382|0x0000000097e00000, 0x0000000097e00000, 0x0000000097f00000|  0%| F|  |TAMS 0x0000000097e00000, 0x0000000097e00000| Untracked 
| 383|0x0000000097f00000, 0x0000000097f00000, 0x0000000098000000|  0%| F|  |TAMS 0x0000000097f00000, 0x0000000097f00000| Untracked 
| 384|0x0000000098000000, 0x0000000098000000, 0x0000000098100000|  0%| F|  |TAMS 0x0000000098000000, 0x0000000098000000| Untracked 
| 385|0x0000000098100000, 0x0000000098100000, 0x0000000098200000|  0%| F|  |TAMS 0x0000000098100000, 0x0000000098100000| Untracked 
| 386|0x0000000098200000, 0x0000000098200000, 0x0000000098300000|  0%| F|  |TAMS 0x0000000098200000, 0x0000000098200000| Untracked 
| 387|0x0000000098300000, 0x0000000098300000, 0x0000000098400000|  0%| F|  |TAMS 0x0000000098300000, 0x0000000098300000| Untracked 
| 388|0x0000000098400000, 0x0000000098400000, 0x0000000098500000|  0%| F|  |TAMS 0x0000000098400000, 0x0000000098400000| Untracked 
| 389|0x0000000098500000, 0x0000000098500000, 0x0000000098600000|  0%| F|  |TAMS 0x0000000098500000, 0x0000000098500000| Untracked 
| 390|0x0000000098600000, 0x0000000098600000, 0x0000000098700000|  0%| F|  |TAMS 0x0000000098600000, 0x0000000098600000| Untracked 
| 391|0x0000000098700000, 0x0000000098700000, 0x0000000098800000|  0%| F|  |TAMS 0x0000000098700000, 0x0000000098700000| Untracked 
| 392|0x0000000098800000, 0x0000000098800000, 0x0000000098900000|  0%| F|  |TAMS 0x0000000098800000, 0x0000000098800000| Untracked 
| 393|0x0000000098900000, 0x0000000098900000, 0x0000000098a00000|  0%| F|  |TAMS 0x0000000098900000, 0x0000000098900000| Untracked 
| 394|0x0000000098a00000, 0x0000000098a00000, 0x0000000098b00000|  0%| F|  |TAMS 0x0000000098a00000, 0x0000000098a00000| Untracked 
| 395|0x0000000098b00000, 0x0000000098b00000, 0x0000000098c00000|  0%| F|  |TAMS 0x0000000098b00000, 0x0000000098b00000| Untracked 
| 396|0x0000000098c00000, 0x0000000098c00000, 0x0000000098d00000|  0%| F|  |TAMS 0x0000000098c00000, 0x0000000098c00000| Untracked 
| 397|0x0000000098d00000, 0x0000000098d00000, 0x0000000098e00000|  0%| F|  |TAMS 0x0000000098d00000, 0x0000000098d00000| Untracked 
| 398|0x0000000098e00000, 0x0000000098e00000, 0x0000000098f00000|  0%| F|  |TAMS 0x0000000098e00000, 0x0000000098e00000| Untracked 
| 399|0x0000000098f00000, 0x0000000098f00000, 0x0000000099000000|  0%| F|  |TAMS 0x0000000098f00000, 0x0000000098f00000| Untracked 
| 400|0x0000000099000000, 0x0000000099000000, 0x0000000099100000|  0%| F|  |TAMS 0x0000000099000000, 0x0000000099000000| Untracked 
| 401|0x0000000099100000, 0x0000000099100000, 0x0000000099200000|  0%| F|  |TAMS 0x0000000099100000, 0x0000000099100000| Untracked 
| 402|0x0000000099200000, 0x0000000099200000, 0x0000000099300000|  0%| F|  |TAMS 0x0000000099200000, 0x0000000099200000| Untracked 
| 403|0x0000000099300000, 0x0000000099300000, 0x0000000099400000|  0%| F|  |TAMS 0x0000000099300000, 0x0000000099300000| Untracked 
| 404|0x0000000099400000, 0x0000000099400000, 0x0000000099500000|  0%| F|  |TAMS 0x0000000099400000, 0x0000000099400000| Untracked 
| 405|0x0000000099500000, 0x0000000099500000, 0x0000000099600000|  0%| F|  |TAMS 0x0000000099500000, 0x0000000099500000| Untracked 
| 406|0x0000000099600000, 0x0000000099600000, 0x0000000099700000|  0%| F|  |TAMS 0x0000000099600000, 0x0000000099600000| Untracked 
| 407|0x0000000099700000, 0x0000000099700000, 0x0000000099800000|  0%| F|  |TAMS 0x0000000099700000, 0x0000000099700000| Untracked 
| 408|0x0000000099800000, 0x0000000099800000, 0x0000000099900000|  0%| F|  |TAMS 0x0000000099800000, 0x0000000099800000| Untracked 
| 409|0x0000000099900000, 0x0000000099900000, 0x0000000099a00000|  0%| F|  |TAMS 0x0000000099900000, 0x0000000099900000| Untracked 
| 410|0x0000000099a00000, 0x0000000099a00000, 0x0000000099b00000|  0%| F|  |TAMS 0x0000000099a00000, 0x0000000099a00000| Untracked 
| 411|0x0000000099b00000, 0x0000000099b00000, 0x0000000099c00000|  0%| F|  |TAMS 0x0000000099b00000, 0x0000000099b00000| Untracked 
| 412|0x0000000099c00000, 0x0000000099c00000, 0x0000000099d00000|  0%| F|  |TAMS 0x0000000099c00000, 0x0000000099c00000| Untracked 
| 413|0x0000000099d00000, 0x0000000099d00000, 0x0000000099e00000|  0%| F|  |TAMS 0x0000000099d00000, 0x0000000099d00000| Untracked 
| 414|0x0000000099e00000, 0x0000000099e00000, 0x0000000099f00000|  0%| F|  |TAMS 0x0000000099e00000, 0x0000000099e00000| Untracked 
| 415|0x0000000099f00000, 0x0000000099f00000, 0x000000009a000000|  0%| F|  |TAMS 0x0000000099f00000, 0x0000000099f00000| Untracked 
| 416|0x000000009a000000, 0x000000009a000000, 0x000000009a100000|  0%| F|  |TAMS 0x000000009a000000, 0x000000009a000000| Untracked 
| 417|0x000000009a100000, 0x000000009a100000, 0x000000009a200000|  0%| F|  |TAMS 0x000000009a100000, 0x000000009a100000| Untracked 
| 418|0x000000009a200000, 0x000000009a200000, 0x000000009a300000|  0%| F|  |TAMS 0x000000009a200000, 0x000000009a200000| Untracked 
| 419|0x000000009a300000, 0x000000009a300000, 0x000000009a400000|  0%| F|  |TAMS 0x000000009a300000, 0x000000009a300000| Untracked 
| 420|0x000000009a400000, 0x000000009a400000, 0x000000009a500000|  0%| F|  |TAMS 0x000000009a400000, 0x000000009a400000| Untracked 
| 421|0x000000009a500000, 0x000000009a500000, 0x000000009a600000|  0%| F|  |TAMS 0x000000009a500000, 0x000000009a500000| Untracked 
| 422|0x000000009a600000, 0x000000009a600000, 0x000000009a700000|  0%| F|  |TAMS 0x000000009a600000, 0x000000009a600000| Untracked 
| 423|0x000000009a700000, 0x000000009a700000, 0x000000009a800000|  0%| F|  |TAMS 0x000000009a700000, 0x000000009a700000| Untracked 
| 424|0x000000009a800000, 0x000000009a800000, 0x000000009a900000|  0%| F|  |TAMS 0x000000009a800000, 0x000000009a800000| Untracked 
| 425|0x000000009a900000, 0x000000009a900000, 0x000000009aa00000|  0%| F|  |TAMS 0x000000009a900000, 0x000000009a900000| Untracked 
| 426|0x000000009aa00000, 0x000000009aa00000, 0x000000009ab00000|  0%| F|  |TAMS 0x000000009aa00000, 0x000000009aa00000| Untracked 
| 427|0x000000009ab00000, 0x000000009ab00000, 0x000000009ac00000|  0%| F|  |TAMS 0x000000009ab00000, 0x000000009ab00000| Untracked 
| 428|0x000000009ac00000, 0x000000009ac00000, 0x000000009ad00000|  0%| F|  |TAMS 0x000000009ac00000, 0x000000009ac00000| Untracked 
| 429|0x000000009ad00000, 0x000000009ad00000, 0x000000009ae00000|  0%| F|  |TAMS 0x000000009ad00000, 0x000000009ad00000| Untracked 
| 430|0x000000009ae00000, 0x000000009ae00000, 0x000000009af00000|  0%| F|  |TAMS 0x000000009ae00000, 0x000000009ae00000| Untracked 
| 431|0x000000009af00000, 0x000000009af00000, 0x000000009b000000|  0%| F|  |TAMS 0x000000009af00000, 0x000000009af00000| Untracked 
| 432|0x000000009b000000, 0x000000009b000000, 0x000000009b100000|  0%| F|  |TAMS 0x000000009b000000, 0x000000009b000000| Untracked 
| 433|0x000000009b100000, 0x000000009b100000, 0x000000009b200000|  0%| F|  |TAMS 0x000000009b100000, 0x000000009b100000| Untracked 
| 434|0x000000009b200000, 0x000000009b200000, 0x000000009b300000|  0%| F|  |TAMS 0x000000009b200000, 0x000000009b200000| Untracked 
| 435|0x000000009b300000, 0x000000009b300000, 0x000000009b400000|  0%| F|  |TAMS 0x000000009b300000, 0x000000009b300000| Untracked 
| 436|0x000000009b400000, 0x000000009b400000, 0x000000009b500000|  0%| F|  |TAMS 0x000000009b400000, 0x000000009b400000| Untracked 
| 437|0x000000009b500000, 0x000000009b500000, 0x000000009b600000|  0%| F|  |TAMS 0x000000009b500000, 0x000000009b500000| Untracked 
| 438|0x000000009b600000, 0x000000009b600000, 0x000000009b700000|  0%| F|  |TAMS 0x000000009b600000, 0x000000009b600000| Untracked 
| 439|0x000000009b700000, 0x000000009b700000, 0x000000009b800000|  0%| F|  |TAMS 0x000000009b700000, 0x000000009b700000| Untracked 
| 440|0x000000009b800000, 0x000000009b800000, 0x000000009b900000|  0%| F|  |TAMS 0x000000009b800000, 0x000000009b800000| Untracked 
| 441|0x000000009b900000, 0x000000009b900000, 0x000000009ba00000|  0%| F|  |TAMS 0x000000009b900000, 0x000000009b900000| Untracked 
| 442|0x000000009ba00000, 0x000000009ba00000, 0x000000009bb00000|  0%| F|  |TAMS 0x000000009ba00000, 0x000000009ba00000| Untracked 
| 443|0x000000009bb00000, 0x000000009bb00000, 0x000000009bc00000|  0%| F|  |TAMS 0x000000009bb00000, 0x000000009bb00000| Untracked 
| 444|0x000000009bc00000, 0x000000009bc00000, 0x000000009bd00000|  0%| F|  |TAMS 0x000000009bc00000, 0x000000009bc00000| Untracked 
| 445|0x000000009bd00000, 0x000000009bd00000, 0x000000009be00000|  0%| F|  |TAMS 0x000000009bd00000, 0x000000009bd00000| Untracked 
| 446|0x000000009be00000, 0x000000009be00000, 0x000000009bf00000|  0%| F|  |TAMS 0x000000009be00000, 0x000000009be00000| Untracked 
| 447|0x000000009bf00000, 0x000000009bf00000, 0x000000009c000000|  0%| F|  |TAMS 0x000000009bf00000, 0x000000009bf00000| Untracked 
| 448|0x000000009c000000, 0x000000009c000000, 0x000000009c100000|  0%| F|  |TAMS 0x000000009c000000, 0x000000009c000000| Untracked 
| 449|0x000000009c100000, 0x000000009c100000, 0x000000009c200000|  0%| F|  |TAMS 0x000000009c100000, 0x000000009c100000| Untracked 
| 450|0x000000009c200000, 0x000000009c2c0030, 0x000000009c300000| 75%| E|  |TAMS 0x000000009c200000, 0x000000009c200000| Complete 
| 451|0x000000009c300000, 0x000000009c3c0030, 0x000000009c400000| 75%| E|  |TAMS 0x000000009c300000, 0x000000009c300000| Complete 
| 452|0x000000009c400000, 0x000000009c500000, 0x000000009c500000|100%| E|CS|TAMS 0x000000009c400000, 0x000000009c400000| Complete 
| 453|0x000000009c500000, 0x000000009c600000, 0x000000009c600000|100%| E|CS|TAMS 0x000000009c500000, 0x000000009c500000| Complete 
| 454|0x000000009c600000, 0x000000009c700000, 0x000000009c700000|100%| E|CS|TAMS 0x000000009c600000, 0x000000009c600000| Complete 
| 455|0x000000009c700000, 0x000000009c800000, 0x000000009c800000|100%| E|CS|TAMS 0x000000009c700000, 0x000000009c700000| Complete 
| 456|0x000000009c800000, 0x000000009c900000, 0x000000009c900000|100%| E|CS|TAMS 0x000000009c800000, 0x000000009c800000| Complete 
| 457|0x000000009c900000, 0x000000009ca00000, 0x000000009ca00000|100%| E|CS|TAMS 0x000000009c900000, 0x000000009c900000| Complete 
| 458|0x000000009ca00000, 0x000000009cb00000, 0x000000009cb00000|100%| E|CS|TAMS 0x000000009ca00000, 0x000000009ca00000| Complete 
| 459|0x000000009cb00000, 0x000000009cc00000, 0x000000009cc00000|100%| E|CS|TAMS 0x000000009cb00000, 0x000000009cb00000| Complete 
| 460|0x000000009cc00000, 0x000000009cd00000, 0x000000009cd00000|100%| E|CS|TAMS 0x000000009cc00000, 0x000000009cc00000| Complete 
| 461|0x000000009cd00000, 0x000000009ce00000, 0x000000009ce00000|100%| E|CS|TAMS 0x000000009cd00000, 0x000000009cd00000| Complete 
| 462|0x000000009ce00000, 0x000000009cf00000, 0x000000009cf00000|100%| E|CS|TAMS 0x000000009ce00000, 0x000000009ce00000| Complete 
| 463|0x000000009cf00000, 0x000000009d000000, 0x000000009d000000|100%| E|CS|TAMS 0x000000009cf00000, 0x000000009cf00000| Complete 
| 464|0x000000009d000000, 0x000000009d100000, 0x000000009d100000|100%| E|CS|TAMS 0x000000009d000000, 0x000000009d000000| Complete 
| 465|0x000000009d100000, 0x000000009d200000, 0x000000009d200000|100%| E|CS|TAMS 0x000000009d100000, 0x000000009d100000| Complete 
| 466|0x000000009d200000, 0x000000009d300000, 0x000000009d300000|100%| E|CS|TAMS 0x000000009d200000, 0x000000009d200000| Complete 
| 467|0x000000009d300000, 0x000000009d400000, 0x000000009d400000|100%| E|CS|TAMS 0x000000009d300000, 0x000000009d300000| Complete 
| 468|0x000000009d400000, 0x000000009d500000, 0x000000009d500000|100%| E|CS|TAMS 0x000000009d400000, 0x000000009d400000| Complete 
| 469|0x000000009d500000, 0x000000009d600000, 0x000000009d600000|100%| E|CS|TAMS 0x000000009d500000, 0x000000009d500000| Complete 
| 470|0x000000009d600000, 0x000000009d700000, 0x000000009d700000|100%| E|CS|TAMS 0x000000009d600000, 0x000000009d600000| Complete 
| 471|0x000000009d700000, 0x000000009d800000, 0x000000009d800000|100%| E|CS|TAMS 0x000000009d700000, 0x000000009d700000| Complete 
| 472|0x000000009d800000, 0x000000009d900000, 0x000000009d900000|100%| E|CS|TAMS 0x000000009d800000, 0x000000009d800000| Complete 
| 473|0x000000009d900000, 0x000000009da00000, 0x000000009da00000|100%| E|CS|TAMS 0x000000009d900000, 0x000000009d900000| Complete 
| 474|0x000000009da00000, 0x000000009db00000, 0x000000009db00000|100%| E|CS|TAMS 0x000000009da00000, 0x000000009da00000| Complete 
| 475|0x000000009db00000, 0x000000009dc00000, 0x000000009dc00000|100%| E|CS|TAMS 0x000000009db00000, 0x000000009db00000| Complete 
| 476|0x000000009dc00000, 0x000000009dd00000, 0x000000009dd00000|100%| E|CS|TAMS 0x000000009dc00000, 0x000000009dc00000| Complete 
| 477|0x000000009dd00000, 0x000000009de00000, 0x000000009de00000|100%| E|CS|TAMS 0x000000009dd00000, 0x000000009dd00000| Complete 
| 478|0x000000009de00000, 0x000000009df00000, 0x000000009df00000|100%| E|CS|TAMS 0x000000009de00000, 0x000000009de00000| Complete 
| 479|0x000000009df00000, 0x000000009e000000, 0x000000009e000000|100%| E|CS|TAMS 0x000000009df00000, 0x000000009df00000| Complete 
| 480|0x000000009e000000, 0x000000009e100000, 0x000000009e100000|100%| E|CS|TAMS 0x000000009e000000, 0x000000009e000000| Complete 
| 481|0x000000009e100000, 0x000000009e200000, 0x000000009e200000|100%| E|CS|TAMS 0x000000009e100000, 0x000000009e100000| Complete 
| 482|0x000000009e200000, 0x000000009e300000, 0x000000009e300000|100%| E|CS|TAMS 0x000000009e200000, 0x000000009e200000| Complete 
| 483|0x000000009e300000, 0x000000009e400000, 0x000000009e400000|100%| E|CS|TAMS 0x000000009e300000, 0x000000009e300000| Complete 
| 484|0x000000009e400000, 0x000000009e500000, 0x000000009e500000|100%| E|CS|TAMS 0x000000009e400000, 0x000000009e400000| Complete 
| 485|0x000000009e500000, 0x000000009e600000, 0x000000009e600000|100%| E|CS|TAMS 0x000000009e500000, 0x000000009e500000| Complete 
| 486|0x000000009e600000, 0x000000009e700000, 0x000000009e700000|100%| E|CS|TAMS 0x000000009e600000, 0x000000009e600000| Complete 
| 487|0x000000009e700000, 0x000000009e800000, 0x000000009e800000|100%| E|CS|TAMS 0x000000009e700000, 0x000000009e700000| Complete 
| 488|0x000000009e800000, 0x000000009e900000, 0x000000009e900000|100%| E|CS|TAMS 0x000000009e800000, 0x000000009e800000| Complete 
| 489|0x000000009e900000, 0x000000009ea00000, 0x000000009ea00000|100%| E|CS|TAMS 0x000000009e900000, 0x000000009e900000| Complete 
| 490|0x000000009ea00000, 0x000000009eb00000, 0x000000009eb00000|100%| E|CS|TAMS 0x000000009ea00000, 0x000000009ea00000| Complete 
| 491|0x000000009eb00000, 0x000000009ec00000, 0x000000009ec00000|100%| E|CS|TAMS 0x000000009eb00000, 0x000000009eb00000| Complete 
| 492|0x000000009ec00000, 0x000000009ed00000, 0x000000009ed00000|100%| E|CS|TAMS 0x000000009ec00000, 0x000000009ec00000| Complete 
| 493|0x000000009ed00000, 0x000000009ee00000, 0x000000009ee00000|100%| E|CS|TAMS 0x000000009ed00000, 0x000000009ed00000| Complete 
| 494|0x000000009ee00000, 0x000000009ef00000, 0x000000009ef00000|100%| E|CS|TAMS 0x000000009ee00000, 0x000000009ee00000| Complete 
| 495|0x000000009ef00000, 0x000000009f000000, 0x000000009f000000|100%| E|CS|TAMS 0x000000009ef00000, 0x000000009ef00000| Complete 
| 496|0x000000009f000000, 0x000000009f100000, 0x000000009f100000|100%| E|CS|TAMS 0x000000009f000000, 0x000000009f000000| Complete 
| 497|0x000000009f100000, 0x000000009f200000, 0x000000009f200000|100%| E|CS|TAMS 0x000000009f100000, 0x000000009f100000| Complete 
| 498|0x000000009f200000, 0x000000009f300000, 0x000000009f300000|100%| E|CS|TAMS 0x000000009f200000, 0x000000009f200000| Complete 
| 499|0x000000009f300000, 0x000000009f400000, 0x000000009f400000|100%| E|CS|TAMS 0x000000009f300000, 0x000000009f300000| Complete 
| 500|0x000000009f400000, 0x000000009f500000, 0x000000009f500000|100%| E|CS|TAMS 0x000000009f400000, 0x000000009f400000| Complete 
| 501|0x000000009f500000, 0x000000009f600000, 0x000000009f600000|100%| E|CS|TAMS 0x000000009f500000, 0x000000009f500000| Complete 
| 502|0x000000009f600000, 0x000000009f700000, 0x000000009f700000|100%| E|CS|TAMS 0x000000009f600000, 0x000000009f600000| Complete 
| 503|0x000000009f700000, 0x000000009f800000, 0x000000009f800000|100%| E|CS|TAMS 0x000000009f700000, 0x000000009f700000| Complete 
| 504|0x000000009f800000, 0x000000009f900000, 0x000000009f900000|100%| E|CS|TAMS 0x000000009f800000, 0x000000009f800000| Complete 
| 505|0x000000009f900000, 0x000000009fa00000, 0x000000009fa00000|100%| E|CS|TAMS 0x000000009f900000, 0x000000009f900000| Complete 
| 506|0x000000009fa00000, 0x000000009fb00000, 0x000000009fb00000|100%| E|CS|TAMS 0x000000009fa00000, 0x000000009fa00000| Complete 
| 507|0x000000009fb00000, 0x000000009fc00000, 0x000000009fc00000|100%| E|CS|TAMS 0x000000009fb00000, 0x000000009fb00000| Complete 
| 508|0x000000009fc00000, 0x000000009fd00000, 0x000000009fd00000|100%| E|CS|TAMS 0x000000009fc00000, 0x000000009fc00000| Complete 
| 509|0x000000009fd00000, 0x000000009fe00000, 0x000000009fe00000|100%| E|CS|TAMS 0x000000009fd00000, 0x000000009fd00000| Complete 
| 510|0x000000009fe00000, 0x000000009ff00000, 0x000000009ff00000|100%| E|CS|TAMS 0x000000009fe00000, 0x000000009fe00000| Complete 
| 511|0x000000009ff00000, 0x00000000a0000000, 0x00000000a0000000|100%| E|CS|TAMS 0x000000009ff00000, 0x000000009ff00000| Complete 
| 512|0x00000000a0000000, 0x00000000a0100000, 0x00000000a0100000|100%| E|CS|TAMS 0x00000000a0000000, 0x00000000a0000000| Complete 
| 513|0x00000000a0100000, 0x00000000a0200000, 0x00000000a0200000|100%| E|CS|TAMS 0x00000000a0100000, 0x00000000a0100000| Complete 
| 514|0x00000000a0200000, 0x00000000a0300000, 0x00000000a0300000|100%| E|CS|TAMS 0x00000000a0200000, 0x00000000a0200000| Complete 
| 515|0x00000000a0300000, 0x00000000a0400000, 0x00000000a0400000|100%| E|CS|TAMS 0x00000000a0300000, 0x00000000a0300000| Complete 
| 516|0x00000000a0400000, 0x00000000a0500000, 0x00000000a0500000|100%| E|CS|TAMS 0x00000000a0400000, 0x00000000a0400000| Complete 
| 517|0x00000000a0500000, 0x00000000a0600000, 0x00000000a0600000|100%| E|CS|TAMS 0x00000000a0500000, 0x00000000a0500000| Complete 
| 518|0x00000000a0600000, 0x00000000a0700000, 0x00000000a0700000|100%| E|CS|TAMS 0x00000000a0600000, 0x00000000a0600000| Complete 
| 519|0x00000000a0700000, 0x00000000a0800000, 0x00000000a0800000|100%| E|CS|TAMS 0x00000000a0700000, 0x00000000a0700000| Complete 
| 520|0x00000000a0800000, 0x00000000a0900000, 0x00000000a0900000|100%| E|CS|TAMS 0x00000000a0800000, 0x00000000a0800000| Complete 
| 521|0x00000000a0900000, 0x00000000a0a00000, 0x00000000a0a00000|100%| E|CS|TAMS 0x00000000a0900000, 0x00000000a0900000| Complete 
| 522|0x00000000a0a00000, 0x00000000a0b00000, 0x00000000a0b00000|100%| E|CS|TAMS 0x00000000a0a00000, 0x00000000a0a00000| Complete 
| 523|0x00000000a0b00000, 0x00000000a0c00000, 0x00000000a0c00000|100%| E|CS|TAMS 0x00000000a0b00000, 0x00000000a0b00000| Complete 
| 524|0x00000000a0c00000, 0x00000000a0d00000, 0x00000000a0d00000|100%| E|CS|TAMS 0x00000000a0c00000, 0x00000000a0c00000| Complete 
| 525|0x00000000a0d00000, 0x00000000a0e00000, 0x00000000a0e00000|100%| E|CS|TAMS 0x00000000a0d00000, 0x00000000a0d00000| Complete 
| 526|0x00000000a0e00000, 0x00000000a0f00000, 0x00000000a0f00000|100%| E|CS|TAMS 0x00000000a0e00000, 0x00000000a0e00000| Complete 
| 527|0x00000000a0f00000, 0x00000000a1000000, 0x00000000a1000000|100%| E|CS|TAMS 0x00000000a0f00000, 0x00000000a0f00000| Complete 
| 528|0x00000000a1000000, 0x00000000a1100000, 0x00000000a1100000|100%| E|CS|TAMS 0x00000000a1000000, 0x00000000a1000000| Complete 
| 529|0x00000000a1100000, 0x00000000a1200000, 0x00000000a1200000|100%| E|CS|TAMS 0x00000000a1100000, 0x00000000a1100000| Complete 
| 530|0x00000000a1200000, 0x00000000a1300000, 0x00000000a1300000|100%| E|CS|TAMS 0x00000000a1200000, 0x00000000a1200000| Complete 
| 531|0x00000000a1300000, 0x00000000a1400000, 0x00000000a1400000|100%| E|CS|TAMS 0x00000000a1300000, 0x00000000a1300000| Complete 
| 532|0x00000000a1400000, 0x00000000a1500000, 0x00000000a1500000|100%| E|CS|TAMS 0x00000000a1400000, 0x00000000a1400000| Complete 
| 533|0x00000000a1500000, 0x00000000a1600000, 0x00000000a1600000|100%| E|CS|TAMS 0x00000000a1500000, 0x00000000a1500000| Complete 
| 534|0x00000000a1600000, 0x00000000a1700000, 0x00000000a1700000|100%| E|CS|TAMS 0x00000000a1600000, 0x00000000a1600000| Complete 
| 535|0x00000000a1700000, 0x00000000a1800000, 0x00000000a1800000|100%| E|CS|TAMS 0x00000000a1700000, 0x00000000a1700000| Complete 
| 536|0x00000000a1800000, 0x00000000a1900000, 0x00000000a1900000|100%| E|CS|TAMS 0x00000000a1800000, 0x00000000a1800000| Complete 
| 537|0x00000000a1900000, 0x00000000a1a00000, 0x00000000a1a00000|100%| E|CS|TAMS 0x00000000a1900000, 0x00000000a1900000| Complete 
| 538|0x00000000a1a00000, 0x00000000a1b00000, 0x00000000a1b00000|100%| E|CS|TAMS 0x00000000a1a00000, 0x00000000a1a00000| Complete 
| 539|0x00000000a1b00000, 0x00000000a1c00000, 0x00000000a1c00000|100%| E|CS|TAMS 0x00000000a1b00000, 0x00000000a1b00000| Complete 
| 540|0x00000000a1c00000, 0x00000000a1d00000, 0x00000000a1d00000|100%| E|CS|TAMS 0x00000000a1c00000, 0x00000000a1c00000| Complete 
| 541|0x00000000a1d00000, 0x00000000a1e00000, 0x00000000a1e00000|100%| E|CS|TAMS 0x00000000a1d00000, 0x00000000a1d00000| Complete 
| 542|0x00000000a1e00000, 0x00000000a1f00000, 0x00000000a1f00000|100%| E|CS|TAMS 0x00000000a1e00000, 0x00000000a1e00000| Complete 
| 543|0x00000000a1f00000, 0x00000000a2000000, 0x00000000a2000000|100%| E|CS|TAMS 0x00000000a1f00000, 0x00000000a1f00000| Complete 
| 544|0x00000000a2000000, 0x00000000a2100000, 0x00000000a2100000|100%| E|CS|TAMS 0x00000000a2000000, 0x00000000a2000000| Complete 
| 545|0x00000000a2100000, 0x00000000a2200000, 0x00000000a2200000|100%| E|CS|TAMS 0x00000000a2100000, 0x00000000a2100000| Complete 
| 546|0x00000000a2200000, 0x00000000a2300000, 0x00000000a2300000|100%| E|CS|TAMS 0x00000000a2200000, 0x00000000a2200000| Complete 
| 547|0x00000000a2300000, 0x00000000a2400000, 0x00000000a2400000|100%| E|CS|TAMS 0x00000000a2300000, 0x00000000a2300000| Complete 
| 548|0x00000000a2400000, 0x00000000a2500000, 0x00000000a2500000|100%| E|CS|TAMS 0x00000000a2400000, 0x00000000a2400000| Complete 
| 549|0x00000000a2500000, 0x00000000a2600000, 0x00000000a2600000|100%| E|CS|TAMS 0x00000000a2500000, 0x00000000a2500000| Complete 
| 550|0x00000000a2600000, 0x00000000a2700000, 0x00000000a2700000|100%| E|CS|TAMS 0x00000000a2600000, 0x00000000a2600000| Complete 
| 551|0x00000000a2700000, 0x00000000a2800000, 0x00000000a2800000|100%| E|CS|TAMS 0x00000000a2700000, 0x00000000a2700000| Complete 
| 552|0x00000000a2800000, 0x00000000a2900000, 0x00000000a2900000|100%| E|CS|TAMS 0x00000000a2800000, 0x00000000a2800000| Complete 
| 553|0x00000000a2900000, 0x00000000a2a00000, 0x00000000a2a00000|100%| E|CS|TAMS 0x00000000a2900000, 0x00000000a2900000| Complete 
| 554|0x00000000a2a00000, 0x00000000a2b00000, 0x00000000a2b00000|100%| E|CS|TAMS 0x00000000a2a00000, 0x00000000a2a00000| Complete 
| 555|0x00000000a2b00000, 0x00000000a2c00000, 0x00000000a2c00000|100%| E|CS|TAMS 0x00000000a2b00000, 0x00000000a2b00000| Complete 
| 556|0x00000000a2c00000, 0x00000000a2d00000, 0x00000000a2d00000|100%| E|CS|TAMS 0x00000000a2c00000, 0x00000000a2c00000| Complete 
| 557|0x00000000a2d00000, 0x00000000a2e00000, 0x00000000a2e00000|100%| E|CS|TAMS 0x00000000a2d00000, 0x00000000a2d00000| Complete 
| 558|0x00000000a2e00000, 0x00000000a2f00000, 0x00000000a2f00000|100%| E|CS|TAMS 0x00000000a2e00000, 0x00000000a2e00000| Complete 
| 559|0x00000000a2f00000, 0x00000000a3000000, 0x00000000a3000000|100%| E|CS|TAMS 0x00000000a2f00000, 0x00000000a2f00000| Complete 
| 560|0x00000000a3000000, 0x00000000a3100000, 0x00000000a3100000|100%| E|CS|TAMS 0x00000000a3000000, 0x00000000a3000000| Complete 
| 561|0x00000000a3100000, 0x00000000a3200000, 0x00000000a3200000|100%| E|CS|TAMS 0x00000000a3100000, 0x00000000a3100000| Complete 
| 562|0x00000000a3200000, 0x00000000a3300000, 0x00000000a3300000|100%| E|CS|TAMS 0x00000000a3200000, 0x00000000a3200000| Complete 
| 563|0x00000000a3300000, 0x00000000a3400000, 0x00000000a3400000|100%| E|CS|TAMS 0x00000000a3300000, 0x00000000a3300000| Complete 
| 564|0x00000000a3400000, 0x00000000a3500000, 0x00000000a3500000|100%| E|CS|TAMS 0x00000000a3400000, 0x00000000a3400000| Complete 
| 565|0x00000000a3500000, 0x00000000a3600000, 0x00000000a3600000|100%| E|CS|TAMS 0x00000000a3500000, 0x00000000a3500000| Complete 
| 566|0x00000000a3600000, 0x00000000a3700000, 0x00000000a3700000|100%| E|CS|TAMS 0x00000000a3600000, 0x00000000a3600000| Complete 
| 567|0x00000000a3700000, 0x00000000a3800000, 0x00000000a3800000|100%| E|CS|TAMS 0x00000000a3700000, 0x00000000a3700000| Complete 
| 568|0x00000000a3800000, 0x00000000a3900000, 0x00000000a3900000|100%| E|CS|TAMS 0x00000000a3800000, 0x00000000a3800000| Complete 
| 569|0x00000000a3900000, 0x00000000a3a00000, 0x00000000a3a00000|100%| E|CS|TAMS 0x00000000a3900000, 0x00000000a3900000| Complete 
| 570|0x00000000a3a00000, 0x00000000a3b00000, 0x00000000a3b00000|100%| E|CS|TAMS 0x00000000a3a00000, 0x00000000a3a00000| Complete 
| 571|0x00000000a3b00000, 0x00000000a3c00000, 0x00000000a3c00000|100%| E|CS|TAMS 0x00000000a3b00000, 0x00000000a3b00000| Complete 
| 572|0x00000000a3c00000, 0x00000000a3d00000, 0x00000000a3d00000|100%| E|CS|TAMS 0x00000000a3c00000, 0x00000000a3c00000| Complete 
| 573|0x00000000a3d00000, 0x00000000a3e00000, 0x00000000a3e00000|100%| E|CS|TAMS 0x00000000a3d00000, 0x00000000a3d00000| Complete 
| 574|0x00000000a3e00000, 0x00000000a3f00000, 0x00000000a3f00000|100%| E|CS|TAMS 0x00000000a3e00000, 0x00000000a3e00000| Complete 
| 575|0x00000000a3f00000, 0x00000000a4000000, 0x00000000a4000000|100%| E|CS|TAMS 0x00000000a3f00000, 0x00000000a3f00000| Complete 
| 576|0x00000000a4000000, 0x00000000a4100000, 0x00000000a4100000|100%| E|CS|TAMS 0x00000000a4000000, 0x00000000a4000000| Complete 
| 577|0x00000000a4100000, 0x00000000a4200000, 0x00000000a4200000|100%| E|CS|TAMS 0x00000000a4100000, 0x00000000a4100000| Complete 
| 578|0x00000000a4200000, 0x00000000a4300000, 0x00000000a4300000|100%| E|CS|TAMS 0x00000000a4200000, 0x00000000a4200000| Complete 
| 579|0x00000000a4300000, 0x00000000a4400000, 0x00000000a4400000|100%| E|CS|TAMS 0x00000000a4300000, 0x00000000a4300000| Complete 
| 580|0x00000000a4400000, 0x00000000a4500000, 0x00000000a4500000|100%| E|CS|TAMS 0x00000000a4400000, 0x00000000a4400000| Complete 
| 581|0x00000000a4500000, 0x00000000a4600000, 0x00000000a4600000|100%| E|CS|TAMS 0x00000000a4500000, 0x00000000a4500000| Complete 
| 582|0x00000000a4600000, 0x00000000a4700000, 0x00000000a4700000|100%| E|CS|TAMS 0x00000000a4600000, 0x00000000a4600000| Complete 
| 583|0x00000000a4700000, 0x00000000a4800000, 0x00000000a4800000|100%| E|CS|TAMS 0x00000000a4700000, 0x00000000a4700000| Complete 
| 584|0x00000000a4800000, 0x00000000a4900000, 0x00000000a4900000|100%| E|CS|TAMS 0x00000000a4800000, 0x00000000a4800000| Complete 
| 585|0x00000000a4900000, 0x00000000a4a00000, 0x00000000a4a00000|100%| E|CS|TAMS 0x00000000a4900000, 0x00000000a4900000| Complete 
| 586|0x00000000a4a00000, 0x00000000a4b00000, 0x00000000a4b00000|100%| E|CS|TAMS 0x00000000a4a00000, 0x00000000a4a00000| Complete 
| 587|0x00000000a4b00000, 0x00000000a4c00000, 0x00000000a4c00000|100%| E|CS|TAMS 0x00000000a4b00000, 0x00000000a4b00000| Complete 
| 588|0x00000000a4c00000, 0x00000000a4d00000, 0x00000000a4d00000|100%| E|CS|TAMS 0x00000000a4c00000, 0x00000000a4c00000| Complete 
| 589|0x00000000a4d00000, 0x00000000a4e00000, 0x00000000a4e00000|100%| E|CS|TAMS 0x00000000a4d00000, 0x00000000a4d00000| Complete 
| 590|0x00000000a4e00000, 0x00000000a4f00000, 0x00000000a4f00000|100%| E|CS|TAMS 0x00000000a4e00000, 0x00000000a4e00000| Complete 
| 591|0x00000000a4f00000, 0x00000000a5000000, 0x00000000a5000000|100%| E|CS|TAMS 0x00000000a4f00000, 0x00000000a4f00000| Complete 
| 592|0x00000000a5000000, 0x00000000a5100000, 0x00000000a5100000|100%| E|CS|TAMS 0x00000000a5000000, 0x00000000a5000000| Complete 
| 593|0x00000000a5100000, 0x00000000a5200000, 0x00000000a5200000|100%| E|CS|TAMS 0x00000000a5100000, 0x00000000a5100000| Complete 
| 594|0x00000000a5200000, 0x00000000a5300000, 0x00000000a5300000|100%| E|CS|TAMS 0x00000000a5200000, 0x00000000a5200000| Complete 
| 595|0x00000000a5300000, 0x00000000a5400000, 0x00000000a5400000|100%| E|CS|TAMS 0x00000000a5300000, 0x00000000a5300000| Complete 
| 596|0x00000000a5400000, 0x00000000a5500000, 0x00000000a5500000|100%| E|CS|TAMS 0x00000000a5400000, 0x00000000a5400000| Complete 
| 597|0x00000000a5500000, 0x00000000a5600000, 0x00000000a5600000|100%| E|CS|TAMS 0x00000000a5500000, 0x00000000a5500000| Complete 
| 598|0x00000000a5600000, 0x00000000a5700000, 0x00000000a5700000|100%| E|CS|TAMS 0x00000000a5600000, 0x00000000a5600000| Complete 
| 599|0x00000000a5700000, 0x00000000a5800000, 0x00000000a5800000|100%| E|CS|TAMS 0x00000000a5700000, 0x00000000a5700000| Complete 
| 600|0x00000000a5800000, 0x00000000a5900000, 0x00000000a5900000|100%| E|CS|TAMS 0x00000000a5800000, 0x00000000a5800000| Complete 
| 601|0x00000000a5900000, 0x00000000a5a00000, 0x00000000a5a00000|100%| E|CS|TAMS 0x00000000a5900000, 0x00000000a5900000| Complete 
| 602|0x00000000a5a00000, 0x00000000a5b00000, 0x00000000a5b00000|100%| E|CS|TAMS 0x00000000a5a00000, 0x00000000a5a00000| Complete 
| 603|0x00000000a5b00000, 0x00000000a5c00000, 0x00000000a5c00000|100%| E|CS|TAMS 0x00000000a5b00000, 0x00000000a5b00000| Complete 
| 604|0x00000000a5c00000, 0x00000000a5d00000, 0x00000000a5d00000|100%| E|CS|TAMS 0x00000000a5c00000, 0x00000000a5c00000| Complete 
| 605|0x00000000a5d00000, 0x00000000a5e00000, 0x00000000a5e00000|100%| E|CS|TAMS 0x00000000a5d00000, 0x00000000a5d00000| Complete 
| 606|0x00000000a5e00000, 0x00000000a5f00000, 0x00000000a5f00000|100%| E|CS|TAMS 0x00000000a5e00000, 0x00000000a5e00000| Complete 
| 607|0x00000000a5f00000, 0x00000000a6000000, 0x00000000a6000000|100%| E|CS|TAMS 0x00000000a5f00000, 0x00000000a5f00000| Complete 
| 608|0x00000000a6000000, 0x00000000a6100000, 0x00000000a6100000|100%| E|CS|TAMS 0x00000000a6000000, 0x00000000a6000000| Complete 
| 609|0x00000000a6100000, 0x00000000a6200000, 0x00000000a6200000|100%| E|CS|TAMS 0x00000000a6100000, 0x00000000a6100000| Complete 
| 610|0x00000000a6200000, 0x00000000a6300000, 0x00000000a6300000|100%| E|CS|TAMS 0x00000000a6200000, 0x00000000a6200000| Complete 
| 611|0x00000000a6300000, 0x00000000a6400000, 0x00000000a6400000|100%| E|CS|TAMS 0x00000000a6300000, 0x00000000a6300000| Complete 
| 612|0x00000000a6400000, 0x00000000a6500000, 0x00000000a6500000|100%| E|CS|TAMS 0x00000000a6400000, 0x00000000a6400000| Complete 
| 613|0x00000000a6500000, 0x00000000a6600000, 0x00000000a6600000|100%| E|CS|TAMS 0x00000000a6500000, 0x00000000a6500000| Complete 
| 614|0x00000000a6600000, 0x00000000a6700000, 0x00000000a6700000|100%| E|CS|TAMS 0x00000000a6600000, 0x00000000a6600000| Complete 
| 615|0x00000000a6700000, 0x00000000a6800000, 0x00000000a6800000|100%| E|CS|TAMS 0x00000000a6700000, 0x00000000a6700000| Complete 
| 616|0x00000000a6800000, 0x00000000a6900000, 0x00000000a6900000|100%| E|CS|TAMS 0x00000000a6800000, 0x00000000a6800000| Complete 
| 617|0x00000000a6900000, 0x00000000a6a00000, 0x00000000a6a00000|100%| E|CS|TAMS 0x00000000a6900000, 0x00000000a6900000| Complete 
| 618|0x00000000a6a00000, 0x00000000a6b00000, 0x00000000a6b00000|100%| E|CS|TAMS 0x00000000a6a00000, 0x00000000a6a00000| Complete 
| 619|0x00000000a6b00000, 0x00000000a6c00000, 0x00000000a6c00000|100%| E|CS|TAMS 0x00000000a6b00000, 0x00000000a6b00000| Complete 
| 620|0x00000000a6c00000, 0x00000000a6d00000, 0x00000000a6d00000|100%| E|CS|TAMS 0x00000000a6c00000, 0x00000000a6c00000| Complete 
| 621|0x00000000a6d00000, 0x00000000a6e00000, 0x00000000a6e00000|100%| E|CS|TAMS 0x00000000a6d00000, 0x00000000a6d00000| Complete 
| 622|0x00000000a6e00000, 0x00000000a6f00000, 0x00000000a6f00000|100%| E|CS|TAMS 0x00000000a6e00000, 0x00000000a6e00000| Complete 
| 623|0x00000000a6f00000, 0x00000000a7000000, 0x00000000a7000000|100%| E|CS|TAMS 0x00000000a6f00000, 0x00000000a6f00000| Complete 
| 624|0x00000000a7000000, 0x00000000a7100000, 0x00000000a7100000|100%| E|CS|TAMS 0x00000000a7000000, 0x00000000a7000000| Complete 
| 625|0x00000000a7100000, 0x00000000a7200000, 0x00000000a7200000|100%| E|CS|TAMS 0x00000000a7100000, 0x00000000a7100000| Complete 
| 626|0x00000000a7200000, 0x00000000a7300000, 0x00000000a7300000|100%| E|CS|TAMS 0x00000000a7200000, 0x00000000a7200000| Complete 
| 627|0x00000000a7300000, 0x00000000a7400000, 0x00000000a7400000|100%| E|CS|TAMS 0x00000000a7300000, 0x00000000a7300000| Complete 
| 628|0x00000000a7400000, 0x00000000a7500000, 0x00000000a7500000|100%| E|CS|TAMS 0x00000000a7400000, 0x00000000a7400000| Complete 
| 629|0x00000000a7500000, 0x00000000a7600000, 0x00000000a7600000|100%| E|CS|TAMS 0x00000000a7500000, 0x00000000a7500000| Complete 
| 630|0x00000000a7600000, 0x00000000a7700000, 0x00000000a7700000|100%| E|CS|TAMS 0x00000000a7600000, 0x00000000a7600000| Complete 
| 631|0x00000000a7700000, 0x00000000a7800000, 0x00000000a7800000|100%| E|CS|TAMS 0x00000000a7700000, 0x00000000a7700000| Complete 
| 632|0x00000000a7800000, 0x00000000a7900000, 0x00000000a7900000|100%| E|CS|TAMS 0x00000000a7800000, 0x00000000a7800000| Complete 
| 633|0x00000000a7900000, 0x00000000a7a00000, 0x00000000a7a00000|100%| E|CS|TAMS 0x00000000a7900000, 0x00000000a7900000| Complete 
| 634|0x00000000a7a00000, 0x00000000a7b00000, 0x00000000a7b00000|100%| E|CS|TAMS 0x00000000a7a00000, 0x00000000a7a00000| Complete 
| 635|0x00000000a7b00000, 0x00000000a7c00000, 0x00000000a7c00000|100%| E|CS|TAMS 0x00000000a7b00000, 0x00000000a7b00000| Complete 
| 636|0x00000000a7c00000, 0x00000000a7d00000, 0x00000000a7d00000|100%| E|CS|TAMS 0x00000000a7c00000, 0x00000000a7c00000| Complete 
| 637|0x00000000a7d00000, 0x00000000a7e00000, 0x00000000a7e00000|100%| E|CS|TAMS 0x00000000a7d00000, 0x00000000a7d00000| Complete 
| 638|0x00000000a7e00000, 0x00000000a7f00000, 0x00000000a7f00000|100%| E|CS|TAMS 0x00000000a7e00000, 0x00000000a7e00000| Complete 
| 639|0x00000000a7f00000, 0x00000000a8000000, 0x00000000a8000000|100%| E|CS|TAMS 0x00000000a7f00000, 0x00000000a7f00000| Complete 
| 640|0x00000000a8000000, 0x00000000a8100000, 0x00000000a8100000|100%| E|CS|TAMS 0x00000000a8000000, 0x00000000a8000000| Complete 
| 641|0x00000000a8100000, 0x00000000a8200000, 0x00000000a8200000|100%| E|CS|TAMS 0x00000000a8100000, 0x00000000a8100000| Complete 
| 642|0x00000000a8200000, 0x00000000a8300000, 0x00000000a8300000|100%| E|CS|TAMS 0x00000000a8200000, 0x00000000a8200000| Complete 
| 643|0x00000000a8300000, 0x00000000a8400000, 0x00000000a8400000|100%| E|CS|TAMS 0x00000000a8300000, 0x00000000a8300000| Complete 
| 644|0x00000000a8400000, 0x00000000a8500000, 0x00000000a8500000|100%| E|CS|TAMS 0x00000000a8400000, 0x00000000a8400000| Complete 
| 645|0x00000000a8500000, 0x00000000a8600000, 0x00000000a8600000|100%| E|CS|TAMS 0x00000000a8500000, 0x00000000a8500000| Complete 
| 646|0x00000000a8600000, 0x00000000a8700000, 0x00000000a8700000|100%| E|CS|TAMS 0x00000000a8600000, 0x00000000a8600000| Complete 
| 647|0x00000000a8700000, 0x00000000a8800000, 0x00000000a8800000|100%| E|CS|TAMS 0x00000000a8700000, 0x00000000a8700000| Complete 
| 648|0x00000000a8800000, 0x00000000a8900000, 0x00000000a8900000|100%| E|CS|TAMS 0x00000000a8800000, 0x00000000a8800000| Complete 
| 649|0x00000000a8900000, 0x00000000a8a00000, 0x00000000a8a00000|100%| E|CS|TAMS 0x00000000a8900000, 0x00000000a8900000| Complete 
| 650|0x00000000a8a00000, 0x00000000a8b00000, 0x00000000a8b00000|100%| E|CS|TAMS 0x00000000a8a00000, 0x00000000a8a00000| Complete 
| 651|0x00000000a8b00000, 0x00000000a8c00000, 0x00000000a8c00000|100%| E|CS|TAMS 0x00000000a8b00000, 0x00000000a8b00000| Complete 
| 652|0x00000000a8c00000, 0x00000000a8d00000, 0x00000000a8d00000|100%| E|CS|TAMS 0x00000000a8c00000, 0x00000000a8c00000| Complete 
| 653|0x00000000a8d00000, 0x00000000a8e00000, 0x00000000a8e00000|100%| E|CS|TAMS 0x00000000a8d00000, 0x00000000a8d00000| Complete 
| 654|0x00000000a8e00000, 0x00000000a8f00000, 0x00000000a8f00000|100%| E|CS|TAMS 0x00000000a8e00000, 0x00000000a8e00000| Complete 
| 655|0x00000000a8f00000, 0x00000000a9000000, 0x00000000a9000000|100%| E|CS|TAMS 0x00000000a8f00000, 0x00000000a8f00000| Complete 
| 656|0x00000000a9000000, 0x00000000a9100000, 0x00000000a9100000|100%| E|CS|TAMS 0x00000000a9000000, 0x00000000a9000000| Complete 
| 657|0x00000000a9100000, 0x00000000a9200000, 0x00000000a9200000|100%| E|CS|TAMS 0x00000000a9100000, 0x00000000a9100000| Complete 
| 658|0x00000000a9200000, 0x00000000a9300000, 0x00000000a9300000|100%| E|CS|TAMS 0x00000000a9200000, 0x00000000a9200000| Complete 
| 659|0x00000000a9300000, 0x00000000a9400000, 0x00000000a9400000|100%| E|CS|TAMS 0x00000000a9300000, 0x00000000a9300000| Complete 
| 660|0x00000000a9400000, 0x00000000a9500000, 0x00000000a9500000|100%| E|CS|TAMS 0x00000000a9400000, 0x00000000a9400000| Complete 
| 661|0x00000000a9500000, 0x00000000a9600000, 0x00000000a9600000|100%| E|CS|TAMS 0x00000000a9500000, 0x00000000a9500000| Complete 
| 662|0x00000000a9600000, 0x00000000a9700000, 0x00000000a9700000|100%| E|CS|TAMS 0x00000000a9600000, 0x00000000a9600000| Complete 
| 663|0x00000000a9700000, 0x00000000a9800000, 0x00000000a9800000|100%| E|CS|TAMS 0x00000000a9700000, 0x00000000a9700000| Complete 
| 664|0x00000000a9800000, 0x00000000a9900000, 0x00000000a9900000|100%| E|CS|TAMS 0x00000000a9800000, 0x00000000a9800000| Complete 
| 665|0x00000000a9900000, 0x00000000a9a00000, 0x00000000a9a00000|100%| E|CS|TAMS 0x00000000a9900000, 0x00000000a9900000| Complete 
| 666|0x00000000a9a00000, 0x00000000a9b00000, 0x00000000a9b00000|100%| E|CS|TAMS 0x00000000a9a00000, 0x00000000a9a00000| Complete 
| 667|0x00000000a9b00000, 0x00000000a9c00000, 0x00000000a9c00000|100%| E|CS|TAMS 0x00000000a9b00000, 0x00000000a9b00000| Complete 
| 668|0x00000000a9c00000, 0x00000000a9d00000, 0x00000000a9d00000|100%| E|CS|TAMS 0x00000000a9c00000, 0x00000000a9c00000| Complete 
| 669|0x00000000a9d00000, 0x00000000a9e00000, 0x00000000a9e00000|100%| E|CS|TAMS 0x00000000a9d00000, 0x00000000a9d00000| Complete 
| 670|0x00000000a9e00000, 0x00000000a9f00000, 0x00000000a9f00000|100%| E|CS|TAMS 0x00000000a9e00000, 0x00000000a9e00000| Complete 
| 671|0x00000000a9f00000, 0x00000000aa000000, 0x00000000aa000000|100%| E|CS|TAMS 0x00000000a9f00000, 0x00000000a9f00000| Complete 
| 672|0x00000000aa000000, 0x00000000aa100000, 0x00000000aa100000|100%| E|CS|TAMS 0x00000000aa000000, 0x00000000aa000000| Complete 
| 673|0x00000000aa100000, 0x00000000aa200000, 0x00000000aa200000|100%| E|CS|TAMS 0x00000000aa100000, 0x00000000aa100000| Complete 
| 674|0x00000000aa200000, 0x00000000aa300000, 0x00000000aa300000|100%| E|CS|TAMS 0x00000000aa200000, 0x00000000aa200000| Complete 
| 675|0x00000000aa300000, 0x00000000aa400000, 0x00000000aa400000|100%| E|CS|TAMS 0x00000000aa300000, 0x00000000aa300000| Complete 
| 676|0x00000000aa400000, 0x00000000aa500000, 0x00000000aa500000|100%| E|CS|TAMS 0x00000000aa400000, 0x00000000aa400000| Complete 
| 677|0x00000000aa500000, 0x00000000aa600000, 0x00000000aa600000|100%| E|CS|TAMS 0x00000000aa500000, 0x00000000aa500000| Complete 
| 678|0x00000000aa600000, 0x00000000aa700000, 0x00000000aa700000|100%| E|CS|TAMS 0x00000000aa600000, 0x00000000aa600000| Complete 
| 679|0x00000000aa700000, 0x00000000aa800000, 0x00000000aa800000|100%| E|CS|TAMS 0x00000000aa700000, 0x00000000aa700000| Complete 
| 680|0x00000000aa800000, 0x00000000aa900000, 0x00000000aa900000|100%| E|CS|TAMS 0x00000000aa800000, 0x00000000aa800000| Complete 
| 681|0x00000000aa900000, 0x00000000aaa00000, 0x00000000aaa00000|100%| E|CS|TAMS 0x00000000aa900000, 0x00000000aa900000| Complete 
| 682|0x00000000aaa00000, 0x00000000aab00000, 0x00000000aab00000|100%| E|CS|TAMS 0x00000000aaa00000, 0x00000000aaa00000| Complete 
| 683|0x00000000aab00000, 0x00000000aac00000, 0x00000000aac00000|100%| E|CS|TAMS 0x00000000aab00000, 0x00000000aab00000| Complete 
| 684|0x00000000aac00000, 0x00000000aad00000, 0x00000000aad00000|100%| E|CS|TAMS 0x00000000aac00000, 0x00000000aac00000| Complete 
| 685|0x00000000aad00000, 0x00000000aae00000, 0x00000000aae00000|100%| E|CS|TAMS 0x00000000aad00000, 0x00000000aad00000| Complete 
| 686|0x00000000aae00000, 0x00000000aaf00000, 0x00000000aaf00000|100%| E|CS|TAMS 0x00000000aae00000, 0x00000000aae00000| Complete 
| 687|0x00000000aaf00000, 0x00000000ab000000, 0x00000000ab000000|100%| E|CS|TAMS 0x00000000aaf00000, 0x00000000aaf00000| Complete 
| 688|0x00000000ab000000, 0x00000000ab100000, 0x00000000ab100000|100%| E|CS|TAMS 0x00000000ab000000, 0x00000000ab000000| Complete 
| 689|0x00000000ab100000, 0x00000000ab200000, 0x00000000ab200000|100%| E|CS|TAMS 0x00000000ab100000, 0x00000000ab100000| Complete 
| 690|0x00000000ab200000, 0x00000000ab300000, 0x00000000ab300000|100%| E|CS|TAMS 0x00000000ab200000, 0x00000000ab200000| Complete 
| 691|0x00000000ab300000, 0x00000000ab400000, 0x00000000ab400000|100%| E|CS|TAMS 0x00000000ab300000, 0x00000000ab300000| Complete 
| 692|0x00000000ab400000, 0x00000000ab500000, 0x00000000ab500000|100%| E|CS|TAMS 0x00000000ab400000, 0x00000000ab400000| Complete 
| 693|0x00000000ab500000, 0x00000000ab600000, 0x00000000ab600000|100%| E|CS|TAMS 0x00000000ab500000, 0x00000000ab500000| Complete 
| 694|0x00000000ab600000, 0x00000000ab700000, 0x00000000ab700000|100%| E|CS|TAMS 0x00000000ab600000, 0x00000000ab600000| Complete 
| 695|0x00000000ab700000, 0x00000000ab800000, 0x00000000ab800000|100%| E|CS|TAMS 0x00000000ab700000, 0x00000000ab700000| Complete 
| 696|0x00000000ab800000, 0x00000000ab900000, 0x00000000ab900000|100%| E|CS|TAMS 0x00000000ab800000, 0x00000000ab800000| Complete 
| 697|0x00000000ab900000, 0x00000000aba00000, 0x00000000aba00000|100%| E|CS|TAMS 0x00000000ab900000, 0x00000000ab900000| Complete 
| 698|0x00000000aba00000, 0x00000000abb00000, 0x00000000abb00000|100%| E|CS|TAMS 0x00000000aba00000, 0x00000000aba00000| Complete 
| 699|0x00000000abb00000, 0x00000000abc00000, 0x00000000abc00000|100%| E|CS|TAMS 0x00000000abb00000, 0x00000000abb00000| Complete 
| 700|0x00000000abc00000, 0x00000000abd00000, 0x00000000abd00000|100%| E|CS|TAMS 0x00000000abc00000, 0x00000000abc00000| Complete 
| 701|0x00000000abd00000, 0x00000000abe00000, 0x00000000abe00000|100%| E|CS|TAMS 0x00000000abd00000, 0x00000000abd00000| Complete 
| 702|0x00000000abe00000, 0x00000000abf00000, 0x00000000abf00000|100%| E|CS|TAMS 0x00000000abe00000, 0x00000000abe00000| Complete 
| 703|0x00000000abf00000, 0x00000000ac000000, 0x00000000ac000000|100%| E|CS|TAMS 0x00000000abf00000, 0x00000000abf00000| Complete 
| 704|0x00000000ac000000, 0x00000000ac100000, 0x00000000ac100000|100%| E|CS|TAMS 0x00000000ac000000, 0x00000000ac000000| Complete 
| 705|0x00000000ac100000, 0x00000000ac200000, 0x00000000ac200000|100%| E|CS|TAMS 0x00000000ac100000, 0x00000000ac100000| Complete 
| 706|0x00000000ac200000, 0x00000000ac300000, 0x00000000ac300000|100%| E|CS|TAMS 0x00000000ac200000, 0x00000000ac200000| Complete 
| 707|0x00000000ac300000, 0x00000000ac400000, 0x00000000ac400000|100%| E|CS|TAMS 0x00000000ac300000, 0x00000000ac300000| Complete 
| 708|0x00000000ac400000, 0x00000000ac500000, 0x00000000ac500000|100%| E|CS|TAMS 0x00000000ac400000, 0x00000000ac400000| Complete 
| 709|0x00000000ac500000, 0x00000000ac600000, 0x00000000ac600000|100%| E|CS|TAMS 0x00000000ac500000, 0x00000000ac500000| Complete 
| 710|0x00000000ac600000, 0x00000000ac700000, 0x00000000ac700000|100%| E|CS|TAMS 0x00000000ac600000, 0x00000000ac600000| Complete 
| 711|0x00000000ac700000, 0x00000000ac7f2490, 0x00000000ac800000| 94%| S|CS|TAMS 0x00000000ac700000, 0x00000000ac700000| Complete 
| 712|0x00000000ac800000, 0x00000000ac900000, 0x00000000ac900000|100%| S|CS|TAMS 0x00000000ac800000, 0x00000000ac800000| Complete 
| 713|0x00000000ac900000, 0x00000000aca00000, 0x00000000aca00000|100%| E|CS|TAMS 0x00000000ac900000, 0x00000000ac900000| Complete 
| 714|0x00000000aca00000, 0x00000000acb00000, 0x00000000acb00000|100%| E|CS|TAMS 0x00000000aca00000, 0x00000000aca00000| Complete 
| 715|0x00000000acb00000, 0x00000000acc00000, 0x00000000acc00000|100%| E|CS|TAMS 0x00000000acb00000, 0x00000000acb00000| Complete 
| 716|0x00000000acc00000, 0x00000000acd00000, 0x00000000acd00000|100%| E|CS|TAMS 0x00000000acc00000, 0x00000000acc00000| Complete 
| 717|0x00000000acd00000, 0x00000000ace00000, 0x00000000ace00000|100%| E|CS|TAMS 0x00000000acd00000, 0x00000000acd00000| Complete 
| 718|0x00000000ace00000, 0x00000000acf00000, 0x00000000acf00000|100%| E|CS|TAMS 0x00000000ace00000, 0x00000000ace00000| Complete 
| 719|0x00000000acf00000, 0x00000000ad000000, 0x00000000ad000000|100%| E|CS|TAMS 0x00000000acf00000, 0x00000000acf00000| Complete 
| 720|0x00000000ad000000, 0x00000000ad100000, 0x00000000ad100000|100%| E|CS|TAMS 0x00000000ad000000, 0x00000000ad000000| Complete 
| 721|0x00000000ad100000, 0x00000000ad200000, 0x00000000ad200000|100%| E|CS|TAMS 0x00000000ad100000, 0x00000000ad100000| Complete 
| 722|0x00000000ad200000, 0x00000000ad300000, 0x00000000ad300000|100%| E|CS|TAMS 0x00000000ad200000, 0x00000000ad200000| Complete 
| 723|0x00000000ad300000, 0x00000000ad400000, 0x00000000ad400000|100%| E|CS|TAMS 0x00000000ad300000, 0x00000000ad300000| Complete 
| 724|0x00000000ad400000, 0x00000000ad500000, 0x00000000ad500000|100%| E|CS|TAMS 0x00000000ad400000, 0x00000000ad400000| Complete 
| 725|0x00000000ad500000, 0x00000000ad600000, 0x00000000ad600000|100%| E|CS|TAMS 0x00000000ad500000, 0x00000000ad500000| Complete 
| 726|0x00000000ad600000, 0x00000000ad700000, 0x00000000ad700000|100%| E|CS|TAMS 0x00000000ad600000, 0x00000000ad600000| Complete 
| 727|0x00000000ad700000, 0x00000000ad800000, 0x00000000ad800000|100%| E|CS|TAMS 0x00000000ad700000, 0x00000000ad700000| Complete 
| 728|0x00000000ad800000, 0x00000000ad900000, 0x00000000ad900000|100%| E|CS|TAMS 0x00000000ad800000, 0x00000000ad800000| Complete 
| 729|0x00000000ad900000, 0x00000000ada00000, 0x00000000ada00000|100%| E|CS|TAMS 0x00000000ad900000, 0x00000000ad900000| Complete 
| 730|0x00000000ada00000, 0x00000000adb00000, 0x00000000adb00000|100%| E|CS|TAMS 0x00000000ada00000, 0x00000000ada00000| Complete 
| 731|0x00000000adb00000, 0x00000000adc00000, 0x00000000adc00000|100%| E|CS|TAMS 0x00000000adb00000, 0x00000000adb00000| Complete 
| 732|0x00000000adc00000, 0x00000000add00000, 0x00000000add00000|100%| E|CS|TAMS 0x00000000adc00000, 0x00000000adc00000| Complete 
| 733|0x00000000add00000, 0x00000000ade00000, 0x00000000ade00000|100%| E|CS|TAMS 0x00000000add00000, 0x00000000add00000| Complete 
| 734|0x00000000ade00000, 0x00000000adf00000, 0x00000000adf00000|100%| E|CS|TAMS 0x00000000ade00000, 0x00000000ade00000| Complete 

Card table byte_map: [0x000001c932220000,0x000001c932620000] _byte_map_base: 0x000001c931e20000

Marking Bits (Prev, Next): (CMBitMap*) 0x000001c91adcfbb0, (CMBitMap*) 0x000001c91adcfbf0
 Prev Bits: [0x000001c932a20000, 0x000001c934a20000)
 Next Bits: [0x000001c934a20000, 0x000001c936a20000)

Polling page: 0x000001c918cd0000

Metaspace:

Usage:
  Non-class:    147.08 MB used.
      Class:     22.40 MB used.
       Both:    169.48 MB used.

Virtual space:
  Non-class space:      192.00 MB reserved,     148.31 MB ( 77%) committed,  3 nodes.
      Class space:      416.00 MB reserved,      23.56 MB (  6%) committed,  1 nodes.
             Both:      608.00 MB reserved,     171.88 MB ( 28%) committed. 

Chunk freelists:
   Non-Class:  11.47 MB
       Class:  8.75 MB
        Both:  20.22 MB

MaxMetaspaceSize: 512.00 MB
CompressedClassSpaceSize: 416.00 MB
Initial GC threshold: 21.00 MB
Current GC threshold: 289.38 MB
CDS: on
MetaspaceReclaimPolicy: balanced
 - commit_granule_bytes: 65536.
 - commit_granule_words: 8192.
 - virtual_space_node_default_size: 8388608.
 - enlarge_chunks_in_place: 1.
 - new_chunks_are_fully_committed: 0.
 - uncommit_free_chunks: 1.
 - use_allocation_guard: 0.
 - handle_deallocations: 1.


Internal statistics:

num_allocs_failed_limit: 12.
num_arena_births: 4088.
num_arena_deaths: 1386.
num_vsnodes_births: 4.
num_vsnodes_deaths: 0.
num_space_committed: 2813.
num_space_uncommitted: 65.
num_chunks_returned_to_freelist: 2009.
num_chunks_taken_from_freelist: 12770.
num_chunk_merges: 685.
num_chunk_splits: 7599.
num_chunks_enlarged: 4449.
num_inconsistent_stats: 0.

CodeHeap 'non-profiled nmethods': size=120000Kb used=29756Kb max_used=29811Kb free=90243Kb
 bounds [0x000001c92a3a0000, 0x000001c92c0c0000, 0x000001c9318d0000]
CodeHeap 'profiled nmethods': size=120000Kb used=57620Kb max_used=59079Kb free=62379Kb
 bounds [0x000001c9228d0000, 0x000001c926290000, 0x000001c929e00000]
CodeHeap 'non-nmethods': size=5760Kb used=1906Kb max_used=2008Kb free=3854Kb
 bounds [0x000001c929e00000, 0x000001c92a070000, 0x000001c92a3a0000]
 total_blobs=30115 nmethods=29090 adapters=935
 compilation: enabled
              stopped_count=0, restarted_count=0
 full_count=0

Compilation events (20 events):
Event: 3227.454 Thread 0x000001c967029630 39009       4       com.android.tools.r8.dex.L::a (4091 bytes)
Event: 3227.472 Thread 0x000001c938e41620 39011       3       com.android.tools.r8.dex.s::a (10 bytes)
Event: 3227.473 Thread 0x000001c938e41620 nmethod 39011 0x000001c9252e5e10 code [0x000001c9252e5fc0, 0x000001c9252e6128]
Event: 3227.493 Thread 0x000001c938e39ab0 nmethod 38811 0x000001c92b9caf10 code [0x000001c92b9cb1c0, 0x000001c92b9cce40]
Event: 3227.493 Thread 0x000001c938e39ab0 39010       4       com.android.tools.r8.dex.H$$Lambda$4262/0x000001c93c620200::applyAsInt (8 bytes)
Event: 3227.494 Thread 0x000001c938e39ab0 nmethod 39010 0x000001c92b9cac10 code [0x000001c92b9cada0, 0x000001c92b9cae58]
Event: 3227.500 Thread 0x000001c938e41620 39012       3       com.android.tools.r8.dex.w::a (152 bytes)
Event: 3227.505 Thread 0x000001c938e41620 nmethod 39012 0x000001c925244a90 code [0x000001c925245120, 0x000001c9252494a8]
Event: 3227.512 Thread 0x000001c938e41620 39013   !   3       sun.nio.fs.WindowsNativeDispatcher::CreateDirectory (30 bytes)
Event: 3227.513 Thread 0x000001c938e41620 nmethod 39013 0x000001c923349510 code [0x000001c923349700, 0x000001c9233499d8]
Event: 3227.520 Thread 0x000001c938e39ab0 39014       4       com.android.tools.r8.graph.L4::b (97 bytes)
Event: 3227.539 Thread 0x000001c938e39ab0 nmethod 39014 0x000001c92bf14b90 code [0x000001c92bf14e00, 0x000001c92bf15838]
Event: 3227.539 Thread 0x000001c938e39ab0 39015 %     4       com.android.tools.r8.dex.L::a @ 136 (315 bytes)
Event: 3227.641 Thread 0x000001c96702db40 nmethod 38822 0x000001c92c0a8610 code [0x000001c92c0a9120, 0x000001c92c0b2be0]
Event: 3227.642 Thread 0x000001c96702db40 39016       4       com.android.tools.r8.internal.Pt0::a (7 bytes)
Event: 3227.642 Thread 0x000001c96702db40 nmethod 39016 0x000001c92bf14890 code [0x000001c92bf14a20, 0x000001c92bf14ab8]
Event: 3227.650 Thread 0x000001c938e39ab0 nmethod 39015% 0x000001c92c0b9f10 code [0x000001c92c0ba240, 0x000001c92c0bc690]
Event: 3227.739 Thread 0x000001c938e41620 39017   !   3       java.nio.file.Files::createAndCheckIsDirectory (24 bytes)
Event: 3227.739 Thread 0x000001c938e41620 nmethod 39017 0x000001c923bd4010 code [0x000001c923bd4200, 0x000001c923bd4798]
Event: 3227.823 Thread 0x000001c938e39ab0 39018       4       com.android.tools.r8.dex.J::a (30 bytes)

GC Heap History (20 events):
Event: 258.363 GC heap before
{Heap before GC invocations=105 (full 0):
 garbage-first heap   total 752640K, used 283214K [0x0000000080000000, 0x0000000100000000)
  region size 1024K, 36 young (36864K), 16 survivors (16384K)
 Metaspace       used 175476K, committed 177600K, reserved 622592K
  class space    used 23187K, committed 24256K, reserved 425984K
}
Event: 258.387 GC heap after
{Heap after GC invocations=106 (full 0):
 garbage-first heap   total 752640K, used 257299K [0x0000000080000000, 0x0000000100000000)
  region size 1024K, 3 young (3072K), 3 survivors (3072K)
 Metaspace       used 175476K, committed 177600K, reserved 622592K
  class space    used 23187K, committed 24256K, reserved 425984K
}
Event: 263.729 GC heap before
{Heap before GC invocations=106 (full 0):
 garbage-first heap   total 752640K, used 483603K [0x0000000080000000, 0x0000000100000000)
  region size 1024K, 225 young (230400K), 3 survivors (3072K)
 Metaspace       used 175639K, committed 177792K, reserved 622592K
  class space    used 23193K, committed 24256K, reserved 425984K
}
Event: 263.737 GC heap after
{Heap after GC invocations=107 (full 0):
 garbage-first heap   total 752640K, used 258630K [0x0000000080000000, 0x0000000100000000)
  region size 1024K, 4 young (4096K), 4 survivors (4096K)
 Metaspace       used 175639K, committed 177792K, reserved 622592K
  class space    used 23193K, committed 24256K, reserved 425984K
}
Event: 3211.900 GC heap before
{Heap before GC invocations=108 (full 0):
 garbage-first heap   total 752640K, used 624198K [0x0000000080000000, 0x0000000100000000)
  region size 1024K, 360 young (368640K), 4 survivors (4096K)
 Metaspace       used 176637K, committed 178816K, reserved 622592K
  class space    used 23255K, committed 24320K, reserved 425984K
}
Event: 3212.023 GC heap after
{Heap after GC invocations=109 (full 0):
 garbage-first heap   total 752640K, used 279495K [0x0000000080000000, 0x0000000100000000)
  region size 1024K, 26 young (26624K), 26 survivors (26624K)
 Metaspace       used 176637K, committed 178816K, reserved 622592K
  class space    used 23255K, committed 24320K, reserved 425984K
}
Event: 3212.299 GC heap before
{Heap before GC invocations=109 (full 0):
 garbage-first heap   total 752640K, used 289735K [0x0000000080000000, 0x0000000100000000)
  region size 1024K, 36 young (36864K), 26 survivors (26624K)
 Metaspace       used 176640K, committed 178816K, reserved 622592K
  class space    used 23256K, committed 24320K, reserved 425984K
}
Event: 3212.449 GC heap after
{Heap after GC invocations=110 (full 0):
 garbage-first heap   total 752640K, used 276957K [0x0000000080000000, 0x0000000100000000)
  region size 1024K, 5 young (5120K), 5 survivors (5120K)
 Metaspace       used 176640K, committed 178816K, reserved 622592K
  class space    used 23256K, committed 24320K, reserved 425984K
}
Event: 3215.236 GC heap before
{Heap before GC invocations=110 (full 0):
 garbage-first heap   total 752640K, used 383453K [0x0000000080000000, 0x0000000100000000)
  region size 1024K, 111 young (113664K), 5 survivors (5120K)
 Metaspace       used 177112K, committed 179392K, reserved 622592K
  class space    used 23313K, committed 24448K, reserved 425984K
}
Event: 3215.306 GC heap after
{Heap after GC invocations=111 (full 0):
 garbage-first heap   total 752640K, used 283857K [0x0000000080000000, 0x0000000100000000)
  region size 1024K, 12 young (12288K), 12 survivors (12288K)
 Metaspace       used 177112K, committed 179392K, reserved 622592K
  class space    used 23313K, committed 24448K, reserved 425984K
}
Event: 3218.971 GC heap before
{Heap before GC invocations=112 (full 0):
 garbage-first heap   total 752640K, used 580817K [0x0000000080000000, 0x0000000100000000)
  region size 1024K, 304 young (311296K), 12 survivors (12288K)
 Metaspace       used 172522K, committed 176128K, reserved 622592K
  class space    used 22823K, committed 24128K, reserved 425984K
}
Event: 3218.987 GC heap after
{Heap after GC invocations=113 (full 0):
 garbage-first heap   total 752640K, used 281080K [0x0000000080000000, 0x0000000100000000)
  region size 1024K, 20 young (20480K), 20 survivors (20480K)
 Metaspace       used 172522K, committed 176128K, reserved 622592K
  class space    used 22823K, committed 24128K, reserved 425984K
}
Event: 3219.082 GC heap before
{Heap before GC invocations=113 (full 0):
 garbage-first heap   total 752640K, used 297464K [0x0000000080000000, 0x0000000100000000)
  region size 1024K, 36 young (36864K), 20 survivors (20480K)
 Metaspace       used 172703K, committed 176192K, reserved 622592K
  class space    used 22851K, committed 24128K, reserved 425984K
}
Event: 3219.184 GC heap after
{Heap after GC invocations=114 (full 0):
 garbage-first heap   total 752640K, used 235315K [0x0000000080000000, 0x0000000100000000)
  region size 1024K, 5 young (5120K), 5 survivors (5120K)
 Metaspace       used 172703K, committed 176192K, reserved 622592K
  class space    used 22851K, committed 24128K, reserved 425984K
}
Event: 3219.312 GC heap before
{Heap before GC invocations=114 (full 0):
 garbage-first heap   total 752640K, used 249651K [0x0000000080000000, 0x0000000100000000)
  region size 1024K, 21 young (21504K), 5 survivors (5120K)
 Metaspace       used 172976K, committed 176192K, reserved 622592K
  class space    used 22885K, committed 24128K, reserved 425984K
}
Event: 3219.322 GC heap after
{Heap after GC invocations=115 (full 0):
 garbage-first heap   total 752640K, used 236311K [0x0000000080000000, 0x0000000100000000)
  region size 1024K, 6 young (6144K), 6 survivors (6144K)
 Metaspace       used 172976K, committed 176192K, reserved 622592K
  class space    used 22885K, committed 24128K, reserved 425984K
}
Event: 3222.426 GC heap before
{Heap before GC invocations=116 (full 0):
 garbage-first heap   total 752640K, used 582423K [0x0000000080000000, 0x0000000100000000)
  region size 1024K, 340 young (348160K), 6 survivors (6144K)
 Metaspace       used 173384K, committed 176000K, reserved 622592K
  class space    used 22936K, committed 24128K, reserved 425984K
}
Event: 3222.439 GC heap after
{Heap after GC invocations=117 (full 0):
 garbage-first heap   total 752640K, used 243669K [0x0000000080000000, 0x0000000100000000)
  region size 1024K, 14 young (14336K), 14 survivors (14336K)
 Metaspace       used 173384K, committed 176000K, reserved 622592K
  class space    used 22936K, committed 24128K, reserved 425984K
}
Event: 3222.603 GC heap before
{Heap before GC invocations=117 (full 0):
 garbage-first heap   total 752640K, used 265173K [0x0000000080000000, 0x0000000100000000)
  region size 1024K, 36 young (36864K), 14 survivors (14336K)
 Metaspace       used 173409K, committed 176000K, reserved 622592K
  class space    used 22936K, committed 24128K, reserved 425984K
}
Event: 3222.627 GC heap after
{Heap after GC invocations=118 (full 0):
 garbage-first heap   total 752640K, used 237976K [0x0000000080000000, 0x0000000100000000)
  region size 1024K, 2 young (2048K), 2 survivors (2048K)
 Metaspace       used 173409K, committed 176000K, reserved 622592K
  class space    used 22936K, committed 24128K, reserved 425984K
}

Dll operation events (16 events):
Event: 0.010 Loaded shared library C:\Program Files\Eclipse Adoptium\jdk-17.0.18.8-hotspot\bin\java.dll
Event: 0.025 Loaded shared library C:\Program Files\Eclipse Adoptium\jdk-17.0.18.8-hotspot\bin\jsvml.dll
Event: 0.067 Loaded shared library C:\Program Files\Eclipse Adoptium\jdk-17.0.18.8-hotspot\bin\zip.dll
Event: 0.071 Loaded shared library C:\Program Files\Eclipse Adoptium\jdk-17.0.18.8-hotspot\bin\instrument.dll
Event: 0.074 Loaded shared library C:\Program Files\Eclipse Adoptium\jdk-17.0.18.8-hotspot\bin\net.dll
Event: 0.076 Loaded shared library C:\Program Files\Eclipse Adoptium\jdk-17.0.18.8-hotspot\bin\nio.dll
Event: 0.078 Loaded shared library C:\Program Files\Eclipse Adoptium\jdk-17.0.18.8-hotspot\bin\zip.dll
Event: 0.329 Loaded shared library C:\Program Files\Eclipse Adoptium\jdk-17.0.18.8-hotspot\bin\jimage.dll
Event: 0.521 Loaded shared library C:\Program Files\Eclipse Adoptium\jdk-17.0.18.8-hotspot\bin\verify.dll
Event: 0.559 Loaded shared library C:\Users\ganes\.gradle\native\1def1411415f61bf3af743bc5b6707747c0891f09f0c88961ee8f79bc544acac\windows-amd64\native-platform.dll
Event: 0.571 Loaded shared library C:\Users\ganes\.gradle\native\0.2.8\x86_64-windows-gnu\gradle-fileevents.dll
Event: 1.503 Loaded shared library C:\Program Files\Eclipse Adoptium\jdk-17.0.18.8-hotspot\bin\management.dll
Event: 1.505 Loaded shared library C:\Program Files\Eclipse Adoptium\jdk-17.0.18.8-hotspot\bin\management_ext.dll
Event: 1.677 Loaded shared library C:\Program Files\Eclipse Adoptium\jdk-17.0.18.8-hotspot\bin\extnet.dll
Event: 1.859 Loaded shared library C:\Program Files\Eclipse Adoptium\jdk-17.0.18.8-hotspot\bin\sunmscapi.dll
Event: 50.745 Loaded shared library C:\Program Files\Eclipse Adoptium\jdk-17.0.18.8-hotspot\bin\rmi.dll

Deoptimization events (20 events):
Event: 3223.847 Thread 0x000001c95eef5430 Uncommon trap: trap_request=0xffffff6e fr.pc=0x000001c92c034af4 relative=0x00000000000085b4
Event: 3223.847 Thread 0x000001c95eef5430 Uncommon trap: reason=loop_limit_check action=maybe_recompile pc=0x000001c92c034af4 method=com.android.tools.r8.ir.optimize.f0.a(Lcom/android/tools/r8/internal/BB;Lcom/android/tools/r8/internal/lg0;I)V @ 232 c2
Event: 3223.847 Thread 0x000001c95eef5430 DEOPT PACKING pc=0x000001c92c034af4 sp=0x00000065864f99a0
Event: 3223.847 Thread 0x000001c95eef5430 DEOPT UNPACKING pc=0x000001c929e569a3 sp=0x00000065864f9970 mode 2
Event: 3224.421 Thread 0x000001c95eef5430 Uncommon trap: trap_request=0xffffff6e fr.pc=0x000001c92b25de50 relative=0x0000000000002410
Event: 3224.421 Thread 0x000001c95eef5430 Uncommon trap: reason=loop_limit_check action=maybe_recompile pc=0x000001c92b25de50 method=com.android.tools.r8.internal.II.add(I)Z @ 808 c2
Event: 3224.421 Thread 0x000001c95eef5430 DEOPT PACKING pc=0x000001c92b25de50 sp=0x00000065864f9700
Event: 3224.421 Thread 0x000001c95eef5430 DEOPT UNPACKING pc=0x000001c929e569a3 sp=0x00000065864f96a8 mode 2
Event: 3224.749 Thread 0x000001c95eef5430 Uncommon trap: trap_request=0xffffffde fr.pc=0x000001c92bfaeab4 relative=0x0000000000006cf4
Event: 3224.749 Thread 0x000001c95eef5430 Uncommon trap: reason=class_check action=maybe_recompile pc=0x000001c92bfaeab4 method=com.android.tools.r8.internal.qH.equals(Ljava/lang/Object;)Z @ 1 c2
Event: 3224.749 Thread 0x000001c95eef5430 DEOPT PACKING pc=0x000001c92bfaeab4 sp=0x00000065864f9f60
Event: 3224.749 Thread 0x000001c95eef5430 DEOPT UNPACKING pc=0x000001c929e569a3 sp=0x00000065864f9ee8 mode 2
Event: 3225.227 Thread 0x000001c95eef5430 Uncommon trap: trap_request=0xffffffde fr.pc=0x000001c92ba8ad1c relative=0x000000000000341c
Event: 3225.227 Thread 0x000001c95eef5430 Uncommon trap: reason=class_check action=maybe_recompile pc=0x000001c92ba8ad1c method=com.android.tools.r8.ir.optimize.F.a(Ljava/util/Queue;Lcom/android/tools/r8/internal/BB;Lcom/android/tools/r8/internal/Z5;Lcom/android/tools/r8/ir/optimize/a;Lcom/androi
Event: 3225.227 Thread 0x000001c95eef5430 DEOPT PACKING pc=0x000001c92ba8ad1c sp=0x00000065864f9fb0
Event: 3225.227 Thread 0x000001c95eef5430 DEOPT UNPACKING pc=0x000001c929e569a3 sp=0x00000065864f9fc0 mode 2
Event: 3225.912 Thread 0x000001c95eef5430 DEOPT PACKING pc=0x000001c925f2091d sp=0x00000065864faf40
Event: 3225.912 Thread 0x000001c95eef5430 DEOPT UNPACKING pc=0x000001c929e57143 sp=0x00000065864fa4a8 mode 0
Event: 3227.454 Thread 0x000001c95eef5430 DEOPT PACKING pc=0x000001c9252a8a90 sp=0x00000065864fa360
Event: 3227.454 Thread 0x000001c95eef5430 DEOPT UNPACKING pc=0x000001c929e57143 sp=0x00000065864f9da0 mode 0

Classes loaded (20 events):
Event: 3217.205 Loading class java/util/zip/ZipOutputStream$XEntry
Event: 3217.205 Loading class java/util/zip/ZipOutputStream$XEntry done
Event: 3218.904 Loading class java/io/PushbackInputStream
Event: 3218.905 Loading class java/io/PushbackInputStream done
Event: 3219.303 Loading class sun/nio/cs/US_ASCII$Decoder
Event: 3219.304 Loading class sun/nio/cs/US_ASCII$Decoder done
Event: 3220.409 Loading class sun/nio/cs/US_ASCII$Encoder
Event: 3220.410 Loading class sun/nio/cs/US_ASCII$Encoder done
Event: 3220.410 Loading class sun/nio/cs/Surrogate$Parser
Event: 3220.410 Loading class sun/nio/cs/Surrogate$Parser done
Event: 3220.410 Loading class sun/nio/cs/Surrogate
Event: 3220.410 Loading class sun/nio/cs/Surrogate done
Event: 3220.442 Loading class java/util/TreeMap$AscendingSubMap
Event: 3220.443 Loading class java/util/TreeMap$NavigableSubMap
Event: 3220.445 Loading class java/util/TreeMap$NavigableSubMap done
Event: 3220.445 Loading class java/util/TreeMap$AscendingSubMap done
Event: 3220.445 Loading class java/util/TreeMap$NavigableSubMap$SubMapKeyIterator
Event: 3220.446 Loading class java/util/TreeMap$NavigableSubMap$SubMapIterator
Event: 3220.446 Loading class java/util/TreeMap$NavigableSubMap$SubMapIterator done
Event: 3220.446 Loading class java/util/TreeMap$NavigableSubMap$SubMapKeyIterator done

Classes unloaded (20 events):
Event: 3219.502 Thread 0x000001c938e14520 Unloading class 0x000001c93c7eab98 'jdk/internal/jimage/ImageHeader'
Event: 3219.502 Thread 0x000001c938e14520 Unloading class 0x000001c93c7ea968 'jdk/internal/jimage/BasicImageReader$2'
Event: 3219.502 Thread 0x000001c938e14520 Unloading class 0x000001c93c7ea738 'jdk/internal/jimage/BasicImageReader$1'
Event: 3219.502 Thread 0x000001c938e14520 Unloading class 0x000001c93c7ea4d0 'jdk/internal/jimage/ImageReader$Resource'
Event: 3219.502 Thread 0x000001c938e14520 Unloading class 0x000001c93c7ea268 'jdk/internal/jimage/ImageReader$LinkNode'
Event: 3219.502 Thread 0x000001c938e14520 Unloading class 0x000001c93c7ea000 'jdk/internal/jimage/ImageReader$Directory'
Event: 3219.502 Thread 0x000001c938e14520 Unloading class 0x000001c93c7e9d28 'jdk/internal/jimage/ImageReader$Node'
Event: 3219.502 Thread 0x000001c938e14520 Unloading class 0x000001c93c7e9b30 'jdk/internal/jimage/ImageStrings'
Event: 3219.502 Thread 0x000001c938e14520 Unloading class 0x000001c93c7e9870 'jdk/internal/jimage/ImageReader$SharedImageReader'
Event: 3219.502 Thread 0x000001c938e14520 Unloading class 0x000001c93c7e95b0 'jdk/internal/jimage/BasicImageReader'
Event: 3219.502 Thread 0x000001c938e14520 Unloading class 0x000001c93c7e9390 'jdk/internal/jimage/ImageReader'
Event: 3219.502 Thread 0x000001c938e14520 Unloading class 0x000001c93c7e9168 'jdk/internal/jrtfs/SystemImage$2'
Event: 3219.502 Thread 0x000001c938e14520 Unloading class 0x000001c93c7e8f50 'jdk/internal/jrtfs/SystemImage$$Lambda$4531+0x000001c93c7e8f50'
Event: 3219.502 Thread 0x000001c938e14520 Unloading class 0x000001c93c7e8d20 'jdk/internal/jrtfs/ExplodedImage'
Event: 3219.502 Thread 0x000001c938e14520 Unloading class 0x000001c93c7e8ae8 'jdk/internal/jrtfs/SystemImage$1'
Event: 3219.502 Thread 0x000001c938e14520 Unloading class 0x000001c93c7e88d0 'jdk/internal/jrtfs/SystemImage'
Event: 3219.502 Thread 0x000001c938e14520 Unloading class 0x000001c93c7e8670 'jdk/internal/jrtfs/JrtFileStore'
Event: 3219.502 Thread 0x000001c938e14520 Unloading class 0x000001c93c7e82f8 'jdk/internal/jrtfs/JrtPath'
Event: 3219.502 Thread 0x000001c938e14520 Unloading class 0x000001c93c7e8000 'jdk/internal/jrtfs/JrtFileSystem'
Event: 3219.502 Thread 0x000001c938e14520 Unloading class 0x000001c93c7e7c00 'jdk/internal/jrtfs/JrtFileSystemProvider'

Classes redefined (0 events):
No events

Internal exceptions (20 events):
Event: 3227.739 Thread 0x000001c95eef5430 Exception <a 'sun/nio/fs/WindowsException'{0x000000009d3e2a00}> (0x000000009d3e2a00) 
thrown [s\src\hotspot\share\prims\jni.cpp, line 516]
Event: 3227.742 Thread 0x000001c95eef5430 Exception <a 'sun/nio/fs/WindowsException'{0x000000009d3e90b8}> (0x000000009d3e90b8) 
thrown [s\src\hotspot\share\prims\jni.cpp, line 516]
Event: 3227.745 Thread 0x000001c95eef5430 Exception <a 'sun/nio/fs/WindowsException'{0x000000009d3f50a8}> (0x000000009d3f50a8) 
thrown [s\src\hotspot\share\prims\jni.cpp, line 516]
Event: 3227.748 Thread 0x000001c95eef5430 Exception <a 'sun/nio/fs/WindowsException'{0x000000009d3fcff0}> (0x000000009d3fcff0) 
thrown [s\src\hotspot\share\prims\jni.cpp, line 516]
Event: 3227.758 Thread 0x000001c95eef5430 Exception <a 'sun/nio/fs/WindowsException'{0x000000009d0838a0}> (0x000000009d0838a0) 
thrown [s\src\hotspot\share\prims\jni.cpp, line 516]
Event: 3227.768 Thread 0x000001c95eef5430 Exception <a 'sun/nio/fs/WindowsException'{0x000000009d08b390}> (0x000000009d08b390) 
thrown [s\src\hotspot\share\prims\jni.cpp, line 516]
Event: 3227.775 Thread 0x000001c95eef5430 Exception <a 'sun/nio/fs/WindowsException'{0x000000009d0919b8}> (0x000000009d0919b8) 
thrown [s\src\hotspot\share\prims\jni.cpp, line 516]
Event: 3227.784 Thread 0x000001c95eef5430 Exception <a 'sun/nio/fs/WindowsException'{0x000000009d0a2d90}> (0x000000009d0a2d90) 
thrown [s\src\hotspot\share\prims\jni.cpp, line 516]
Event: 3227.790 Thread 0x000001c95eef5430 Exception <a 'sun/nio/fs/WindowsException'{0x000000009d0ae700}> (0x000000009d0ae700) 
thrown [s\src\hotspot\share\prims\jni.cpp, line 516]
Event: 3227.794 Thread 0x000001c95eef5430 Exception <a 'sun/nio/fs/WindowsException'{0x000000009d0b4a68}> (0x000000009d0b4a68) 
thrown [s\src\hotspot\share\prims\jni.cpp, line 516]
Event: 3227.797 Thread 0x000001c95eef5430 Exception <a 'sun/nio/fs/WindowsException'{0x000000009d0bbc38}> (0x000000009d0bbc38) 
thrown [s\src\hotspot\share\prims\jni.cpp, line 516]
Event: 3227.800 Thread 0x000001c95eef5430 Exception <a 'sun/nio/fs/WindowsException'{0x000000009d0c8440}> (0x000000009d0c8440) 
thrown [s\src\hotspot\share\prims\jni.cpp, line 516]
Event: 3227.803 Thread 0x000001c95eef5430 Exception <a 'sun/nio/fs/WindowsException'{0x000000009d0cf120}> (0x000000009d0cf120) 
thrown [s\src\hotspot\share\prims\jni.cpp, line 516]
Event: 3227.807 Thread 0x000001c95eef5430 Exception <a 'sun/nio/fs/WindowsException'{0x000000009d0d57e0}> (0x000000009d0d57e0) 
thrown [s\src\hotspot\share\prims\jni.cpp, line 516]
Event: 3227.810 Thread 0x000001c95eef5430 Exception <a 'sun/nio/fs/WindowsException'{0x000000009d0db460}> (0x000000009d0db460) 
thrown [s\src\hotspot\share\prims\jni.cpp, line 516]
Event: 3227.814 Thread 0x000001c95eef5430 Exception <a 'sun/nio/fs/WindowsException'{0x000000009d0e9d48}> (0x000000009d0e9d48) 
thrown [s\src\hotspot\share\prims\jni.cpp, line 516]
Event: 3227.816 Thread 0x000001c95eef5430 Exception <a 'sun/nio/fs/WindowsException'{0x000000009d0ef5f8}> (0x000000009d0ef5f8) 
thrown [s\src\hotspot\share\prims\jni.cpp, line 516]
Event: 3227.820 Thread 0x000001c95eef5430 Exception <a 'sun/nio/fs/WindowsException'{0x000000009d0f70c8}> (0x000000009d0f70c8) 
thrown [s\src\hotspot\share\prims\jni.cpp, line 516]
Event: 3227.823 Thread 0x000001c95eef5430 Exception <a 'sun/nio/fs/WindowsException'{0x000000009ccc6788}> (0x000000009ccc6788) 
thrown [s\src\hotspot\share\prims\jni.cpp, line 516]
Event: 3227.826 Thread 0x000001c95eef5430 Exception <a 'sun/nio/fs/WindowsException'{0x000000009cccd9a8}> (0x000000009cccd9a8) 
thrown [s\src\hotspot\share\prims\jni.cpp, line 516]

VM Operations (20 events):
Event: 3222.334 Executing VM operation: Cleanup
Event: 3222.334 Executing VM operation: Cleanup done
Event: 3222.426 Executing VM operation: G1CollectForAllocation
Event: 3222.439 Executing VM operation: G1CollectForAllocation done
Event: 3222.603 Executing VM operation: G1CollectForAllocation
Event: 3222.627 Executing VM operation: G1CollectForAllocation done
Event: 3223.413 Executing VM operation: HandshakeAllThreads
Event: 3223.430 Executing VM operation: HandshakeAllThreads done
Event: 3223.590 Executing VM operation: HandshakeAllThreads
Event: 3223.591 Executing VM operation: HandshakeAllThreads done
Event: 3224.595 Executing VM operation: Cleanup
Event: 3224.596 Executing VM operation: Cleanup done
Event: 3225.607 Executing VM operation: Cleanup
Event: 3225.607 Executing VM operation: Cleanup done
Event: 3226.612 Executing VM operation: Cleanup
Event: 3226.612 Executing VM operation: Cleanup done
Event: 3227.625 Executing VM operation: Cleanup
Event: 3227.625 Executing VM operation: Cleanup done
Event: 3227.640 Executing VM operation: HandshakeAllThreads
Event: 3227.642 Executing VM operation: HandshakeAllThreads done

Memory protections (0 events):
No events

Nmethod flushes (20 events):
Event: 3227.705 Thread 0x000001c939810090 flushing  nmethod 0x000001c92479d410
Event: 3227.707 Thread 0x000001c939810090 flushing  nmethod 0x000001c9249c5a90
Event: 3227.709 Thread 0x000001c939810090 flushing  nmethod 0x000001c924bb4610
Event: 3227.711 Thread 0x000001c939810090 flushing  nmethod 0x000001c924cf6310
Event: 3227.715 Thread 0x000001c939810090 flushing  nmethod 0x000001c924ff9410
Event: 3227.715 Thread 0x000001c939810090 flushing  nmethod 0x000001c92504b090
Event: 3227.715 Thread 0x000001c939810090 flushing  nmethod 0x000001c925071290
Event: 3227.724 Thread 0x000001c939810090 flushing  nmethod 0x000001c925839c10
Event: 3227.725 Thread 0x000001c939810090 flushing  nmethod 0x000001c92587ff90
Event: 3227.725 Thread 0x000001c939810090 flushing  nmethod 0x000001c92588d010
Event: 3227.727 Thread 0x000001c939810090 flushing  nmethod 0x000001c925aaad10
Event: 3227.730 Thread 0x000001c939810090 flushing  nmethod 0x000001c925d6c310
Event: 3227.730 Thread 0x000001c939810090 flushing  nmethod 0x000001c925ddbe90
Event: 3227.730 Thread 0x000001c939810090 flushing  nmethod 0x000001c925ddc290
Event: 3227.730 Thread 0x000001c939810090 flushing  nmethod 0x000001c925dde810
Event: 3227.730 Thread 0x000001c939810090 flushing  nmethod 0x000001c925ddec10
Event: 3227.730 Thread 0x000001c939810090 flushing  nmethod 0x000001c925de7290
Event: 3227.730 Thread 0x000001c939810090 flushing  nmethod 0x000001c925de9990
Event: 3227.731 Thread 0x000001c939810090 flushing  nmethod 0x000001c925df1d90
Event: 3227.732 Thread 0x000001c939810090 flushing  nmethod 0x000001c925f11710

Events (20 events):
Event: 3216.737 Thread 0x000001c95eef2bb0 Thread added: 0x000001c9622d15b0
Event: 3216.737 Thread 0x000001c95eef2bb0 Thread added: 0x000001c9622d24e0
Event: 3216.738 Thread 0x000001c95eef2bb0 Thread added: 0x000001c9622d1ac0
Event: 3217.095 Thread 0x000001c95eef5430 Thread added: 0x000001c96ca6b790
Event: 3217.096 Thread 0x000001c95eef5430 Thread added: 0x000001c96cd9b310
Event: 3217.098 Thread 0x000001c95eef5430 Thread added: 0x000001c9622d1fd0
Event: 3217.100 Thread 0x000001c95eef5430 Thread added: 0x000001c9622d29f0
Event: 3217.101 Thread 0x000001c95eef5430 Thread added: 0x000001c96c045950
Event: 3217.104 Thread 0x000001c95eef5430 Thread added: 0x000001c96c0472a0
Event: 3217.123 Thread 0x000001c95eef5430 Thread added: 0x000001c96c045e60
Event: 3217.125 Thread 0x000001c95eef5430 Thread added: 0x000001c96c0477b0
Event: 3217.128 Thread 0x000001c95eef5430 Thread added: 0x000001c96c046370
Event: 3217.131 Thread 0x000001c95eef5430 Thread added: 0x000001c967589940
Event: 3217.135 Thread 0x000001c95eef5430 Thread added: 0x000001c967588f20
Event: 3217.147 Thread 0x000001c95eef5430 Thread added: 0x000001c967589e50
Event: 3219.075 Thread 0x000001c96cd9a3e0 Thread added: 0x000001c9677811b0
Event: 3219.186 Thread 0x000001c9677811b0 Thread added: 0x000001c96758b7a0
Event: 3219.188 Thread 0x000001c9677811b0 Thread added: 0x000001c96758ad80
Event: 3220.458 Thread 0x000001c938e41620 Thread added: 0x000001c96702db40
Event: 3227.823 Thread 0x000001c96702db40 Thread exited: 0x000001c96702db40


Dynamic libraries:
0x00007ff752640000 - 0x00007ff75264e000 	C:\Program Files\Eclipse Adoptium\jdk-17.0.18.8-hotspot\bin\java.exe
0x00007ffbb0e40000 - 0x00007ffbb10a8000 	C:\WINDOWS\SYSTEM32\ntdll.dll
0x00007ffbafd30000 - 0x00007ffbafdf9000 	C:\WINDOWS\System32\KERNEL32.DLL
0x00007ffbad720000 - 0x00007ffbadb11000 	C:\WINDOWS\System32\KERNELBASE.dll
0x00007ffbae590000 - 0x00007ffbae6db000 	C:\WINDOWS\System32\ucrtbase.dll
0x00007ffb82960000 - 0x00007ffb82978000 	C:\Program Files\Eclipse Adoptium\jdk-17.0.18.8-hotspot\bin\jli.dll
0x00007ffb83e60000 - 0x00007ffb83e7e000 	C:\Program Files\Eclipse Adoptium\jdk-17.0.18.8-hotspot\bin\VCRUNTIME140.dll
0x00007ffbb0bb0000 - 0x00007ffbb0d76000 	C:\WINDOWS\System32\USER32.dll
0x00007ffbae6e0000 - 0x00007ffbae707000 	C:\WINDOWS\System32\win32u.dll
0x00007ffbb05a0000 - 0x00007ffbb05cb000 	C:\WINDOWS\System32\GDI32.dll
0x00007ffb88590000 - 0x00007ffb88823000 	C:\WINDOWS\WinSxS\amd64_microsoft.windows.common-controls_6595b64144ccf1df_6.0.26100.7824_none_3e0870b2e3345462\COMCTL32.dll
0x00007ffbae880000 - 0x00007ffbae9ab000 	C:\WINDOWS\System32\gdi32full.dll
0x00007ffbae9b0000 - 0x00007ffbaea53000 	C:\WINDOWS\System32\msvcp_win.dll
0x00007ffbaffb0000 - 0x00007ffbb0059000 	C:\WINDOWS\System32\msvcrt.dll
0x00007ffbaf050000 - 0x00007ffbaf081000 	C:\WINDOWS\System32\IMM32.DLL
0x00007ffb96940000 - 0x00007ffb9694c000 	C:\Program Files\Eclipse Adoptium\jdk-17.0.18.8-hotspot\bin\vcruntime140_1.dll
0x00007ffb5a700000 - 0x00007ffb5a78d000 	C:\Program Files\Eclipse Adoptium\jdk-17.0.18.8-hotspot\bin\msvcp140.dll
0x00007ffb27d90000 - 0x00007ffb289fb000 	C:\Program Files\Eclipse Adoptium\jdk-17.0.18.8-hotspot\bin\server\jvm.dll
0x00007ffbb05d0000 - 0x00007ffbb0684000 	C:\WINDOWS\System32\ADVAPI32.dll
0x00007ffbafe00000 - 0x00007ffbafea6000 	C:\WINDOWS\System32\sechost.dll
0x00007ffbb0140000 - 0x00007ffbb0258000 	C:\WINDOWS\System32\RPCRT4.dll
0x00007ffbaf450000 - 0x00007ffbaf4c4000 	C:\WINDOWS\System32\WS2_32.dll
0x00007ffbacb50000 - 0x00007ffbacbae000 	C:\WINDOWS\SYSTEM32\POWRPROF.dll
0x00007ffba15e0000 - 0x00007ffba1615000 	C:\WINDOWS\SYSTEM32\WINMM.dll
0x00007ffba2590000 - 0x00007ffba259b000 	C:\WINDOWS\SYSTEM32\VERSION.dll
0x00007ffbacac0000 - 0x00007ffbacad4000 	C:\WINDOWS\SYSTEM32\UMPDC.dll
0x00007ffbac4c0000 - 0x00007ffbac4db000 	C:\WINDOWS\SYSTEM32\kernel.appcore.dll
0x00007ffb933d0000 - 0x00007ffb933da000 	C:\Program Files\Eclipse Adoptium\jdk-17.0.18.8-hotspot\bin\jimage.dll
0x00007ffbab670000 - 0x00007ffbab8b2000 	C:\WINDOWS\SYSTEM32\DBGHELP.DLL
0x00007ffbaf090000 - 0x00007ffbaf416000 	C:\WINDOWS\System32\combase.dll
0x00007ffbb0060000 - 0x00007ffbb0137000 	C:\WINDOWS\System32\OLEAUT32.dll
0x00007ffb7b380000 - 0x00007ffb7b3bb000 	C:\WINDOWS\SYSTEM32\dbgcore.DLL
0x00007ffbadc70000 - 0x00007ffbadd15000 	C:\WINDOWS\System32\bcryptPrimitives.dll
0x00007ffb82ed0000 - 0x00007ffb82ede000 	C:\Program Files\Eclipse Adoptium\jdk-17.0.18.8-hotspot\bin\instrument.dll
0x00007ffb7f0c0000 - 0x00007ffb7f0e5000 	C:\Program Files\Eclipse Adoptium\jdk-17.0.18.8-hotspot\bin\java.dll
0x00007ffb497b0000 - 0x00007ffb49887000 	C:\Program Files\Eclipse Adoptium\jdk-17.0.18.8-hotspot\bin\jsvml.dll
0x00007ffbaf4d0000 - 0x00007ffbafc22000 	C:\WINDOWS\System32\SHELL32.dll
0x00007ffbae710000 - 0x00007ffbae87a000 	C:\WINDOWS\System32\wintypes.dll
0x00007ffbadd20000 - 0x00007ffbae583000 	C:\WINDOWS\System32\windows.storage.dll
0x00007ffbafc30000 - 0x00007ffbafd26000 	C:\WINDOWS\System32\SHCORE.dll
0x00007ffbaebe0000 - 0x00007ffbaec47000 	C:\WINDOWS\System32\shlwapi.dll
0x00007ffbad640000 - 0x00007ffbad669000 	C:\WINDOWS\SYSTEM32\profapi.dll
0x00007ffb71fc0000 - 0x00007ffb71fd8000 	C:\Program Files\Eclipse Adoptium\jdk-17.0.18.8-hotspot\bin\zip.dll
0x00007ffb7f0a0000 - 0x00007ffb7f0ba000 	C:\Program Files\Eclipse Adoptium\jdk-17.0.18.8-hotspot\bin\net.dll
0x00007ffba45e0000 - 0x00007ffba4707000 	C:\WINDOWS\SYSTEM32\WINHTTP.dll
0x00007ffbacae0000 - 0x00007ffbacb4b000 	C:\WINDOWS\system32\mswsock.dll
0x00007ffb7e550000 - 0x00007ffb7e566000 	C:\Program Files\Eclipse Adoptium\jdk-17.0.18.8-hotspot\bin\nio.dll
0x00007ffb87a50000 - 0x00007ffb87a60000 	C:\Program Files\Eclipse Adoptium\jdk-17.0.18.8-hotspot\bin\verify.dll
0x00007ffb82980000 - 0x00007ffb829a7000 	C:\Users\ganes\.gradle\native\1def1411415f61bf3af743bc5b6707747c0891f09f0c88961ee8f79bc544acac\windows-amd64\native-platform.dll
0x00007ffb48c80000 - 0x00007ffb48cf7000 	C:\Users\ganes\.gradle\native\0.2.8\x86_64-windows-gnu\gradle-fileevents.dll
0x00007ffb8bcf0000 - 0x00007ffb8bcfa000 	C:\Program Files\Eclipse Adoptium\jdk-17.0.18.8-hotspot\bin\management.dll
0x00007ffb882f0000 - 0x00007ffb882fc000 	C:\Program Files\Eclipse Adoptium\jdk-17.0.18.8-hotspot\bin\management_ext.dll
0x00007ffbaee30000 - 0x00007ffbaee38000 	C:\WINDOWS\System32\PSAPI.DLL
0x00007ffbabef0000 - 0x00007ffbabf24000 	C:\WINDOWS\SYSTEM32\IPHLPAPI.DLL
0x00007ffbb0260000 - 0x00007ffbb026a000 	C:\WINDOWS\System32\NSI.dll
0x00007ffba5060000 - 0x00007ffba507e000 	C:\WINDOWS\SYSTEM32\dhcpcsvc6.DLL
0x00007ffba4fc0000 - 0x00007ffba4fe3000 	C:\WINDOWS\SYSTEM32\dhcpcsvc.DLL
0x00007ffbabf90000 - 0x00007ffbac0bc000 	C:\WINDOWS\SYSTEM32\DNSAPI.dll
0x00007ffb84c80000 - 0x00007ffb84c89000 	C:\Program Files\Eclipse Adoptium\jdk-17.0.18.8-hotspot\bin\extnet.dll
0x00007ffbace30000 - 0x00007ffbace4b000 	C:\WINDOWS\SYSTEM32\CRYPTSP.dll
0x00007ffbac420000 - 0x00007ffbac459000 	C:\WINDOWS\system32\rsaenh.dll
0x00007ffbacc00000 - 0x00007ffbacc2b000 	C:\WINDOWS\SYSTEM32\USERENV.dll
0x00007ffbad610000 - 0x00007ffbad63a000 	C:\WINDOWS\SYSTEM32\bcrypt.dll
0x00007ffbace20000 - 0x00007ffbace2c000 	C:\WINDOWS\SYSTEM32\CRYPTBASE.dll
0x00007ffb7a840000 - 0x00007ffb7a84e000 	C:\Program Files\Eclipse Adoptium\jdk-17.0.18.8-hotspot\bin\sunmscapi.dll
0x00007ffbaea60000 - 0x00007ffbaebd7000 	C:\WINDOWS\System32\CRYPT32.dll
0x00007ffbad040000 - 0x00007ffbad070000 	C:\WINDOWS\SYSTEM32\ncrypt.dll
0x00007ffbacff0000 - 0x00007ffbad02f000 	C:\WINDOWS\SYSTEM32\NTASN1.dll
0x00007ffb85e80000 - 0x00007ffb85e88000 	C:\WINDOWS\system32\wshunix.dll
0x00007ffba3330000 - 0x00007ffba333b000 	C:\Windows\System32\rasadhlp.dll
0x00007ffba51e0000 - 0x00007ffba5266000 	C:\WINDOWS\System32\fwpuclnt.dll
0x00007ffbac650000 - 0x00007ffbac686000 	C:\WINDOWS\SYSTEM32\ntmarta.dll
0x00007ffba61c0000 - 0x00007ffba61c7000 	C:\Program Files\Eclipse Adoptium\jdk-17.0.18.8-hotspot\bin\rmi.dll

dbghelp: loaded successfully - version: 4.0.5 - missing functions: none
symbol engine: initialized successfully - sym options: 0x614 - pdb path: .;C:\Program Files\Eclipse Adoptium\jdk-17.0.18.8-hotspot\bin;C:\WINDOWS\SYSTEM32;C:\WINDOWS\WinSxS\amd64_microsoft.windows.common-controls_6595b64144ccf1df_6.0.26100.7824_none_3e0870b2e3345462;C:\Program Files\Eclipse Adoptium\jdk-17.0.18.8-hotspot\bin\server;C:\Users\ganes\.gradle\native\1def1411415f61bf3af743bc5b6707747c0891f09f0c88961ee8f79bc544acac\windows-amd64;C:\Users\ganes\.gradle\native\0.2.8\x86_64-windows-gnu

VM Arguments:
jvm_args: --add-opens=java.base/java.lang=ALL-UNNAMED --add-opens=java.base/java.lang.invoke=ALL-UNNAMED --add-opens=java.base/java.util=ALL-UNNAMED --add-opens=java.prefs/java.util.prefs=ALL-UNNAMED --add-exports=jdk.compiler/com.sun.tools.javac.api=ALL-UNNAMED --add-exports=jdk.compiler/com.sun.tools.javac.util=ALL-UNNAMED --add-opens=java.base/java.util=ALL-UNNAMED --add-opens=java.prefs/java.util.prefs=ALL-UNNAMED --add-opens=java.base/java.nio.charset=ALL-UNNAMED --add-opens=java.base/java.net=ALL-UNNAMED --add-opens=java.base/java.util.concurrent=ALL-UNNAMED --add-opens=java.base/java.util.concurrent.atomic=ALL-UNNAMED --add-opens=java.xml/javax.xml.namespace=ALL-UNNAMED -XX:MaxMetaspaceSize=512m -Xmx2048m -Dfile.encoding=windows-1252 -Duser.country=IN -Duser.language=en -Duser.variant -javaagent:C:\Users\ganes\.gradle\wrapper\dists\gradle-9.0.0-bin\d6wjpkvcgsg3oed0qlfss3wgl\gradle-9.0.0\lib\agents\gradle-instrumentation-agent-9.0.0.jar 
java_command: org.gradle.launcher.daemon.bootstrap.GradleDaemon 9.0.0
java_class_path (initial): C:\Users\ganes\.gradle\wrapper\dists\gradle-9.0.0-bin\d6wjpkvcgsg3oed0qlfss3wgl\gradle-9.0.0\lib\gradle-daemon-main-9.0.0.jar
Launcher Type: SUN_STANDARD

[Global flags]
     intx CICompilerCount                          = 4                                         {product} {ergonomic}
   size_t CompressedClassSpaceSize                 = 436207616                                 {product} {ergonomic}
     uint ConcGCThreads                            = 3                                         {product} {ergonomic}
     uint G1ConcRefinementThreads                  = 10                                        {product} {ergonomic}
   size_t G1HeapRegionSize                         = 1048576                                   {product} {ergonomic}
    uintx GCDrainStackTargetSize                   = 64                                        {product} {ergonomic}
   size_t InitialHeapSize                          = 130023424                                 {product} {ergonomic}
   size_t MarkStackSize                            = 4194304                                   {product} {ergonomic}
   size_t MaxHeapSize                              = 2147483648                                {product} {command line}
   size_t MaxMetaspaceSize                         = 536870912                                 {product} {command line}
   size_t MaxNewSize                               = 1287651328                                {product} {ergonomic}
   size_t MinHeapDeltaBytes                        = 1048576                                   {product} {ergonomic}
   size_t MinHeapSize                              = 8388608                                   {product} {ergonomic}
    uintx NonNMethodCodeHeapSize                   = 5839372                                {pd product} {ergonomic}
    uintx NonProfiledCodeHeapSize                  = 122909434                              {pd product} {ergonomic}
    uintx ProfiledCodeHeapSize                     = 122909434                              {pd product} {ergonomic}
    uintx ReservedCodeCacheSize                    = 251658240                              {pd product} {ergonomic}
     bool SegmentedCodeCache                       = true                                      {product} {ergonomic}
   size_t SoftMaxHeapSize                          = 2147483648                             {manageable} {ergonomic}
     bool UseCompressedClassPointers               = true                           {product lp64_product} {ergonomic}
     bool UseCompressedOops                        = true                           {product lp64_product} {ergonomic}
     bool UseG1GC                                  = true                                      {product} {ergonomic}
     bool UseLargePagesIndividualAllocation        = false                                  {pd product} {ergonomic}

Logging:
Log output configuration:
 #0: stdout all=warning uptime,level,tags
 #1: stderr all=off uptime,level,tags

Environment Variables:
JAVA_HOME=C:\Program Files\Eclipse Adoptium\jdk-17.0.18.8-hotspot
PATH=C:\windows\system32;C:\windows;C:\windows\System32\Wbem;C:\windows\System32\WindowsPowerShell\v1.0\;C:\windows\System32\OpenSSH\;C:\Program Files (x86)\NVIDIA Corporation\PhysX\Common;C:\Program Files\NVIDIA Corporation\NVIDIA NvDLISR;C:\Users\Administrator\AppData\Local\Microsoft\WindowsApps;C:\Program Files\HP\OMEN-Broadcast\Common;C:\Program Files\HP\HP One Agent;C:\windows\IsmFiles;C:\WINDOWS\system32;C:\WINDOWS;C:\WINDOWS\System32\Wbem;C:\WINDOWS\System32\WindowsPowerShell\v1.0\;C:\WINDOWS\System32\OpenSSH\;C:\MinGW\bin;C:\Program Files\Git\cmd;C:\Program Files\Eclipse Adoptium\jdk-17.0.18.8-hotspot\bin;C:\Users\ganes\Downloads\openlogic-openjdk-21.0.8+9-windows-x64\jdk-21\bin;D:\MongoDB\bin;C:\Users\ganes\AppData\Local\Programs\Python\Python314\python.exe;C:\Users\ganes\AppData\Local\Programs\mongosh;D:\NODE\;C:\ProgramData\chocolatey\bin;C:\Users\ganes\AppData\Local\Android\Sdk;C:\Users\ganes\AppData\Local\Android\Sdk\platform-tools;C:\Users\ganes\AppData\Local\Postman;C:\Program Files\Eclipse Adoptium\jdk-17.0.18.8-hotspot;C:\Users\ganes\AppData\Local\Programs\Python\Python314\Scripts\;C:\Users\ganes\AppData\Local\Programs\Python\Python314\;C:\Users\ganes\AppData\Local\Programs\Python\Launcher\;C:\Users\ganes\AppData\Local\jdk-11.0.2\bin;C:\Users\ganes\AppData\Local\jdk-11.0.2\bin;C:\Users\ganes\AppData\Local\Microsoft\WindowsApps;C:\MinGW\bin;C:\Program Files\Eclipse Adoptium\jdk-17.0.18.8-hotspot\bin;C:\Users\ganes\Downloads\java-21-openjdk-21.0.4.0.7-1.win.jdk.x86_64\java-21-openjdk;C:\Users\ganes\AppData\Local\Python\bin;C:\Users\ganes\AppData\Local\Programs\mongosh\;C:\Users\ganes\AppData\Roaming\npm;C:\Users\ganes\AppData\Local\Android\Sdk;C:\Users\ganes\AppData\Local\Android\Sdk\platform-tools;C:\Users\ganes\AppData\Local\Postman;D:\Microsoft VS Code\bin;D:\Antigravity\bin;C:\Users\ganes\.bun\bin
USERNAME=ganes
LANG=en_US.UTF-8
OS=Windows_NT
PROCESSOR_IDENTIFIER=Intel64 Family 6 Model 154 Stepping 3, GenuineIntel
TMP=C:\Users\ganes\AppData\Local\Temp
TEMP=C:\Users\ganes\AppData\Local\Temp



Periodic native trim disabled


---------------  S Y S T E M  ---------------

OS:
 Windows 11 , 64 bit Build 26100 (10.0.26100.7705)
OS uptime: 0 days 2:15 hours

CPU: total 12 (initial active 12) (6 cores per cpu, 2 threads per core) family 6 model 154 stepping 3 microcode 0x434, cx8, cmov, fxsr, ht, mmx, 3dnowpref, sse, sse2, sse3, ssse3, sse4.1, sse4.2, popcnt, lzcnt, tsc, tscinvbit, avx, avx2, aes, erms, clmul, bmi1, bmi2, adx, sha, fma, vzeroupper, clflush, clflushopt, clwb
Processor Information for processor 0
  Max Mhz: 2000, Current Mhz: 2000, Mhz Limit: 2000
Processor Information for processor 1
  Max Mhz: 2000, Current Mhz: 2000, Mhz Limit: 2000
Processor Information for processor 2
  Max Mhz: 2000, Current Mhz: 2000, Mhz Limit: 2000
Processor Information for processor 3
  Max Mhz: 2000, Current Mhz: 2000, Mhz Limit: 2000
Processor Information for processor 4
  Max Mhz: 2000, Current Mhz: 2000, Mhz Limit: 2000
Processor Information for processor 5
  Max Mhz: 2000, Current Mhz: 2000, Mhz Limit: 2000
Processor Information for processor 6
  Max Mhz: 2000, Current Mhz: 2000, Mhz Limit: 2000
Processor Information for processor 7
  Max Mhz: 2000, Current Mhz: 2000, Mhz Limit: 2000
Processor Information for processor 8
  Max Mhz: 2000, Current Mhz: 1466, Mhz Limit: 2000
Processor Information for processor 9
  Max Mhz: 2000, Current Mhz: 2000, Mhz Limit: 2000
Processor Information for processor 10
  Max Mhz: 2000, Current Mhz: 2000, Mhz Limit: 2000
Processor Information for processor 11
  Max Mhz: 2000, Current Mhz: 1466, Mhz Limit: 2000

Memory: 4k page, system-wide physical 7832M (504M free)
TotalPageFile size 28089M (AvailPageFile size 0M)
current process WorkingSet (physical memory assigned to process): 1045M, peak: 1122M
current process commit charge ("private bytes"): 1341M, peak: 1379M

vm_info: OpenJDK 64-Bit Server VM (17.0.18+8) for windows-amd64 JRE (17.0.18+8), built on Jan 20 2026 22:28:22 by "admin" with MS VC++ 17.12 (VS2022)

END.
